Item_Identifier,Outlet_Identifier,Item_Outlet_Sales
FDW58,OUT049,1261.5076
FDW14,OUT017,1145.487
NCN55,OUT010,464.6409
FDQ58,OUT017,2096.732
FDY38,OUT027,6117.2393
FDH56,OUT046,1754.8271
FDL48,OUT018,548.4615
FDC48,OUT027,1742.1666
FDN33,OUT045,1163.9374
FDA36,OUT017,2516.9905
FDT44,OUT017,1836.4524
FDQ56,OUT045,1310.5375
NCC54,OUT019,740.8255
FDU11,OUT049,2218.8247
DRL59,OUT013,715.9985
FDM24,OUT049,2375.9795
FDI57,OUT045,3719.5847
DRC12,OUT018,3312.2644
NCM42,OUT027,3473.8926
FDA46,OUT010,619.5987
FDA31,OUT013,3155.028
NCJ31,OUT035,3577.1104
FDG52,OUT046,868.2237
NCL19,OUT019,475.02753
FDS10,OUT035,2844.496
FDX22,OUT010,631.65497
NCF19,OUT035,832.27155
NCE06,OUT046,2125.7375
DRC27,OUT046,3060.1057
FDE21,OUT035,2650.4014
NCR42,OUT019,143.46672
FDX51,OUT018,2789.9824
NCR06,OUT018,503.65826
FDU31,OUT027,5638.7515
FDU59,OUT017,2542.6963
FDR03,OUT027,5225.98
FDS49,OUT027,2521.0105
FDD48,OUT010,379.0899
NCF18,OUT017,3494.7886
NCD43,OUT027,2260.6492
NCD54,OUT018,1713.961
FDY19,OUT010,150.95888
NCY54,OUT017,2057.072
NCL19,OUT018,1838.2083
FDP23,OUT010,487.69843
FDC26,OUT013,2011.0508
FDR14,OUT010,124.68911
NCS41,OUT035,3732.9167
FDF41,OUT035,4294.525
FDU34,OUT046,1866.4609
DRH11,OUT046,905.9494
FDM03,OUT013,2436.121
FDS31,OUT017,3204.8257
FDJ20,OUT017,2028.3855
FDV44,OUT027,4651.128
FDG02,OUT049,3021.0586
FDA09,OUT013,4179.5913
FDT04,OUT013,721.74396
FDL58,OUT019,483.57822
FDE52,OUT045,1438.0024
FDW12,OUT035,2245.2356
FDL51,OUT017,3186.94
NCY42,OUT027,3153.9954
FDR07,OUT017,2444.5354
FDN40,OUT045,2170.804
FDB35,OUT027,2645.2795
FDA22,OUT017,2801.5894
NCL06,OUT046,5500.6724
FDI35,OUT013,3573.4773
NCW42,OUT045,3532.584
NCX06,OUT049,2851.9316
FDC37,OUT027,2626.723
FDZ14,OUT018,1906.7655
DRG49,OUT049,5542.9443
NCG06,OUT045,2925.1777
DRC36,OUT045,2669.937
FDV21,OUT019,441.2476
FDB53,OUT046,2695.0747
DRP47,OUT019,668.5648
FDA14,OUT013,2171.757
DRC24,OUT035,3238.9438
FDW21,OUT018,1714.1909
NCH29,OUT046,2197.5142
FDU58,OUT013,2748.451
FDY27,OUT017,2640.3997
FDV56,OUT035,1641.0482
FDT59,OUT046,3352.5142
FDB23,OUT046,2589.6335
FDR49,OUT045,673.3636
FDB03,OUT010,510.7279
FDN39,OUT045,3329.9
FDX02,OUT027,5370.873
FDQ16,OUT027,2987.3645
FDU35,OUT018,1701.8751
NCT29,OUT013,2210.3784
FDZ27,OUT046,796.3176
FDN57,OUT017,2020.6682
FDA03,OUT018,1971.2091
FDZ36,OUT045,2882.667
NCU05,OUT013,1132.0526
FDT39,OUT018,2074.299
FDK60,OUT017,1699.7812
FDZ25,OUT017,3048.4785
FDG12,OUT046,2316.3071
DRB01,OUT019,696.26807
NCC43,OUT027,6218.5957
FDX13,OUT019,402.54773
FDM22,OUT049,1013.63824
FDJ03,OUT027,1240.5929
FDU14,OUT018,4833.61
FDB33,OUT010,504.85458
FDP27,OUT046,3445.1501
FDO38,OUT010,275.02863
FDE28,OUT027,6742.842
FDO27,OUT035,1479.7704
DRL23,OUT027,2351.3296
FDS28,OUT046,794.37885
FDX24,OUT013,1116.9867
FDZ02,OUT035,1320.4059
FDL46,OUT045,1388.1844
FDS60,OUT027,4535.714
NCO06,OUT017,226.1322
FDO16,OUT035,1620.9225
FDC60,OUT049,2202.3186
FDA48,OUT018,4211.903
FDZ36,OUT027,3880.0603
FDK27,OUT045,1607.9525
FDW23,OUT018,567.37585
FDM14,OUT018,1285.5879
FDM14,OUT013,1589.6172
FDW60,OUT018,2777.0278
FDE21,OUT013,2187.0361
NCM42,OUT035,1936.4989
FDY59,OUT010,106.69687
DRI49,OUT049,1165.3141
FDT28,OUT019,583.1608
FDQ22,OUT018,468.98975
FDR60,OUT049,1048.5416
FDC50,OUT019,339.35138
FDV24,OUT013,2595.1597
DRF48,OUT010,193.31302
FDQ47,OUT046,830.9869
DRN36,OUT049,1559.2811
NCY06,OUT035,2119.4075
FDE52,OUT035,1421.192
NCB54,OUT045,1726.5897
NCF31,OUT035,2490.2573
FDJ08,OUT027,4486.681
NCC07,OUT017,1592.6724
NCD19,OUT027,1875.5077
FDL46,OUT049,2038.4904
FDM20,OUT045,4792.88
NCI06,OUT010,736.5785
DRM11,OUT035,3959.708
NCH07,OUT018,2318.7917
FDS23,OUT013,2241.9104
FDO49,OUT018,702.4509
FDS35,OUT049,1071.9277
DRK39,OUT045,1111.934
DRI39,OUT049,845.1093
FDV04,OUT017,1849.3494
NCN14,OUT035,3350.4321
FDH08,OUT013,3398.8137
FDS20,OUT046,3278.0415
FDV40,OUT049,1259.5743
FDZ48,OUT010,206.08595
FDS24,OUT027,2418.282
FDK44,OUT049,2497.6292
FDS48,OUT045,2018.3483
FDK26,OUT010,651.26465
FDD23,OUT045,3689.794
NCH54,OUT017,2728.5266
NCP14,OUT010,390.85468
FDM60,OUT010,57.81829
FDV24,OUT017,2797.2197
FDH08,OUT018,2741.6602
FDS12,OUT027,3601.4897
FDR39,OUT027,5239.68
FDP12,OUT027,1013.39404
DRF60,OUT027,6094.1807
FDC09,OUT035,1649.0521
FDF50,OUT018,3165.2092
FDG28,OUT035,3894.5403
NCE19,OUT017,776.70575
NCM53,OUT010,304.73398
NCN18,OUT049,1705.861
FDF32,OUT035,3421.0503
FDF11,OUT013,3523.409
DRI59,OUT049,4548.822
NCG54,OUT035,3078.3296
FDM44,OUT046,1546.0635
FDT57,OUT018,2260.578
FDV24,OUT046,2578.8103
FDI50,OUT019,744.74286
FDS09,OUT035,845.88904
NCC31,OUT027,3768.38
FDQ07,OUT019,417.23407
FDC22,OUT017,2837.1077
FDZ56,OUT046,2702.4597
FDZ40,OUT019,331.68832
FDS46,OUT027,3013.9304
DRD24,OUT045,2031.1815
FDV45,OUT017,3297.621
FDL26,OUT045,2763.346
FDA56,OUT018,1807.8859
FDN27,OUT046,1224.3091
FDM20,OUT049,5091.924
FDO16,OUT017,1863.1196
FDL03,OUT035,3014.9546
FDE58,OUT046,1825.3168
FDI02,OUT027,3410.4087
NCC55,OUT019,129.24033
FDR03,OUT018,3013.7937
FDB14,OUT017,1670.3971
FDR45,OUT013,4896.263
NCN07,OUT017,2153.9758
FDM51,OUT019,372.00735
FDT52,OUT027,6308.7666
FDL26,OUT046,2430.5164
NCZ42,OUT046,4262.301
DRI47,OUT019,540.3291
FDW40,OUT013,2651.207
FDN34,OUT046,3109.7031
FDS01,OUT035,2752.7322
NCG55,OUT045,2042.5247
FDC11,OUT035,1315.3269
FDX35,OUT018,3355.4402
NCB06,OUT046,2342.8787
FDR09,OUT019,716.6161
FDC53,OUT017,1475.8636
FDY45,OUT013,4282.3623
FDA22,OUT010,555.09235
FDE02,OUT035,1518.356
FDW21,OUT045,1839.4542
FDV34,OUT046,1039.0205
FDS59,OUT049,2040.8748
NCW17,OUT017,2532.7444
NCK54,OUT046,1898.4814
FDG17,OUT019,492.7427
FDG35,OUT017,3752.4258
FDD08,OUT010,3.8584933
NCO07,OUT017,4618.0156
FDJ10,OUT010,264.13223
FDW36,OUT017,1593.0292
FDW21,OUT010,42.964108
FDY19,OUT017,2021.1185
DRE03,OUT013,531.5005
NCC55,OUT049,744.425
FDH52,OUT010,131.16103
FDO09,OUT017,3328.721
FDU43,OUT045,3634.526
FDX09,OUT010,535.4713
FDH40,OUT019,275.97214
FDW58,OUT017,1697.1382
FDC47,OUT017,4736.259
NCR41,OUT035,1764.8971
DRG49,OUT035,5540.739
FDC52,OUT027,4089.5542
FDY13,OUT046,1342.0376
FDY35,OUT013,873.48254
FDI35,OUT017,4016.9026
NCU18,OUT049,2122.343
FDY33,OUT018,2761.2175
FDC15,OUT027,3774.77
FDU01,OUT049,3863.3645
NCU42,OUT046,3108.3013
NCV29,OUT018,2669.5195
NCY30,OUT017,3053.4453
FDQ46,OUT049,2017.5421
FDG58,OUT027,3972.734
FDK33,OUT017,4678.1753
NCD07,OUT045,1320.2819
NCX29,OUT027,4600.7485
NCT42,OUT013,2197.0232
DRN59,OUT035,600.8956
FDI44,OUT035,1159.3541
FDA45,OUT049,1379.182
FDP31,OUT045,833.1115
FDY01,OUT046,2024.1094
FDT09,OUT018,1975.1313
DRH03,OUT027,2501.4155
FDA36,OUT018,1909.9824
NCF31,OUT017,2184.2366
FDG14,OUT049,3048.7256
FDG28,OUT027,5837.3306
FDU14,OUT049,3949.4268
FDY47,OUT019,372.74692
FDI56,OUT049,1473.9379
DRD01,OUT013,684.2138
FDM22,OUT046,857.2099
FDH33,OUT013,876.91705
DRZ24,OUT013,2012.4104
NCQ38,OUT046,1351.3214
FDO16,OUT027,2397.4524
FDU07,OUT027,3698.769
NCB07,OUT013,2743.0513
FDU48,OUT045,1729.1797
NCM43,OUT045,2469.7163
FDR31,OUT010,581.06433
DRK49,OUT018,629.67303
NCI30,OUT010,170.08624
DRD60,OUT017,3617.6616
NCG19,OUT046,2639.3398
FDH12,OUT035,1419.3125
FDM32,OUT035,1769.2428
FDM27,OUT035,2728.3857
NCU53,OUT027,4239.7007
NCQ18,OUT046,1700.039
FDS10,OUT013,3206.1394
FDB33,OUT027,4518.1597
FDI12,OUT013,1497.8759
NCW42,OUT013,3528.813
NCC06,OUT018,2067.4163
FDW02,OUT017,2457.9702
NCD43,OUT017,1708.7646
FDM57,OUT018,718.20325
FDA58,OUT017,2548.973
FDK56,OUT046,3464.4836
FDP52,OUT045,4770.9087
FDW20,OUT018,1634.3314
FDS52,OUT049,1389.5872
NCT29,OUT018,1494.4072
NCL54,OUT013,3562.1843
FDC05,OUT045,2538.7046
FDF34,OUT035,3247.765
FDP03,OUT027,3274.728
FDD32,OUT010,148.95453
FDZ10,OUT045,2195.6848
FDZ40,OUT035,1009.23047
FDD51,OUT018,715.31177
NCY30,OUT019,436.8869
FDP58,OUT017,3092.314
FDV49,OUT017,3907.2974
FDY24,OUT019,149.35614
NCO55,OUT017,1582.3914
FDR13,OUT017,2124.9
FDS51,OUT017,824.59406
FDP26,OUT045,1483.6055
NCB54,OUT027,3464.1118
FDF32,OUT017,3626.2634
FDN31,OUT018,2344.141
DRM48,OUT017,670.6618
FDN20,OUT049,2955.0361
DRL01,OUT046,3958.3406
FDV56,OUT049,1878.2002
DRH13,OUT027,3163.6682
FDA03,OUT017,2619.4463
FDF47,OUT027,5326.8423
FDX32,OUT046,2305.3523
FDX57,OUT049,1730.2842
NCA30,OUT045,2781.4778
FDO49,OUT013,663.3816
FDL04,OUT019,233.3968
DRM48,OUT035,617.8482
FDR16,OUT013,3682.9434
NCC19,OUT018,3152.546
NCE42,OUT045,2280.5298
FDY24,OUT017,1398.3097
FDH19,OUT049,2458.4622
FDJ46,OUT013,2712.2246
FDN45,OUT010,674.3239
FDY08,OUT035,2511.811
FDZ37,OUT035,1325.2397
NCT30,OUT045,824.64343
DRY23,OUT018,311.93002
NCZ30,OUT018,1831.351
FDC44,OUT018,1725.6755
FDB45,OUT035,1815.9634
FDY04,OUT013,2347.1228
FDM27,OUT046,2956.1716
FDZ43,OUT017,4281.8535
FDT39,OUT019,299.37784
NCC06,OUT019,419.84286
FDL15,OUT027,4121.186
FDL57,OUT017,5400.8784
FDU08,OUT046,1786.0282
FDK40,OUT017,3895.1235
FDQ12,OUT010,123.76304
FDS48,OUT017,2934.4478
FDP09,OUT045,3849.5293
FDW21,OUT049,1348.5752
FDY25,OUT035,3351.3284
DRE13,OUT017,1590.0188
FDV43,OUT019,124.4728
FDD22,OUT045,1751.8143
FDM46,OUT019,324.8552
NCO30,OUT010,509.90894
FDM25,OUT046,3052.6418
NCN41,OUT049,2144.0178
FDU24,OUT045,1719.6354
FDZ50,OUT046,3168.9255
FDP45,OUT013,4255.7065
NCM54,OUT045,2073.5
FDW10,OUT019,349.26624
FDP20,OUT017,2150.7305
FDK32,OUT046,2610.4846
FDN52,OUT049,1269.7677
FDM58,OUT045,2630.0352
FDZ46,OUT027,3028.7068
NCA18,OUT018,1566.6906
FDD35,OUT046,1924.6356
NCK31,OUT035,997.53406
FDI40,OUT027,3121.819
FDT50,OUT019,251.8379
NCT06,OUT046,2465.9026
FDT31,OUT035,2721.3394
FDT45,OUT049,785.6126
FDT13,OUT045,2938.176
FDO50,OUT045,1367.5681
NCU18,OUT010,398.3553
NCR54,OUT049,3750.7979
NCO18,OUT018,2468.313
FDU09,OUT045,922.3211
FDT13,OUT018,2392.739
FDE09,OUT046,1602.2489
NCK53,OUT019,335.58884
FDG45,OUT049,4125.6357
DRH15,OUT035,641.90015
FDO21,OUT019,515.2554
FDD14,OUT027,6008.5703
FDC09,OUT046,1499.026
FDH45,OUT027,1447.2933
FDV32,OUT046,996.62067
FDG12,OUT035,1900.2816
FDS32,OUT013,1905.9431
NCL55,OUT018,3152.5867
DRE01,OUT035,5608.106
DRE15,OUT049,1202.0131
NCL42,OUT045,4424.371
FDP31,OUT013,1016.8898
FDN33,OUT018,889.739
FDZ59,OUT046,3649.9958
FDE45,OUT010,312.85934
FDJ07,OUT013,1595.5369
FDQ45,OUT018,2329.5183
FDM33,OUT027,5601.0635
FDO15,OUT010,188.42462
FDM46,OUT013,1265.3076
FDR03,OUT045,3392.9253
FDY49,OUT018,2352.5493
FDQ60,OUT045,1972.26
FDW10,OUT049,2075.2915
FDO51,OUT049,950.2317
FDJ40,OUT018,1308.1791
FDS20,OUT018,1964.2776
FDU45,OUT013,2444.3672
FDV02,OUT035,2697.2566
FDN09,OUT046,3410.3652
NCM55,OUT027,5331.182
FDN23,OUT018,2401.4243
FDY31,OUT010,473.69434
FDW03,OUT010,315.9581
FDD14,OUT046,2510.6672
FDV23,OUT017,2173.2588
DRI03,OUT045,2611.0266
FDN13,OUT035,1108.6047
FDF45,OUT027,1771.6036
FDU46,OUT035,1376.881
FDB57,OUT049,3264.633
FDV12,OUT049,1903.592
FDQ58,OUT013,1691.4274
NCA18,OUT017,1533.5477
FDH52,OUT049,751.42664
FDM24,OUT018,2120.7031
NCP43,OUT027,4421.741
NCO18,OUT019,619.5889
FDM32,OUT017,1335.5055
NCL07,OUT017,346.55362
FDK03,OUT013,4676.272
FDP59,OUT017,1227.3201
FDQ24,OUT049,4571.9316
FDQ16,OUT018,1507.5045
FDU44,OUT013,2641.1375
FDH28,OUT010,24.614494
FDV28,OUT019,72.69754
FDM22,OUT045,1039.9697
FDR56,OUT046,3069.7002
FDV39,OUT049,3491.4744
FDU37,OUT019,276.1689
FDQ11,OUT010,632.999
FDX02,OUT045,3487.28
NCS42,OUT018,1102.5543
FDY57,OUT027,2922.4912
FDB21,OUT049,4260.868
FDE28,OUT017,2910.9485
FDQ55,OUT017,2368.9229
FDA48,OUT049,4642.3535
FDZ19,OUT045,2461.5776
NCC43,OUT045,2739.8416
NCV18,OUT046,2195.897
NCA42,OUT018,2548.7349
FDY45,OUT046,2901.5547
NCC30,OUT045,2795.6907
FDM57,OUT013,1210.687
FDL09,OUT010,340.465
FDB09,OUT027,3413.0286
FDT44,OUT035,1645.5715
NCT06,OUT027,3575.3247
FDX26,OUT049,3160.454
FDK32,OUT013,2523.061
DRA12,OUT046,1764.4468
FDO46,OUT010,309.81808
FDE52,OUT013,1316.2823
NCH42,OUT045,3793.3523
FDV08,OUT035,707.0406
FDB47,OUT018,2119.3096
FDC28,OUT010,200.60199
FDD22,OUT046,1596.7539
FDS07,OUT027,3152.425
DRI13,OUT045,3281.584
FDG32,OUT018,3646.9626
FDU14,OUT017,4088.9321
FDD28,OUT019,135.62839
NCP41,OUT017,2015.5934
FDS08,OUT049,1777.144
FDX47,OUT045,2393.6277
FDC53,OUT019,112.10958
FDQ19,OUT035,4688.844
FDL14,OUT045,1944.7699
FDM33,OUT019,557.7269
FDA51,OUT045,1874.5317
FDZ27,OUT018,528.3823
FDT04,OUT046,684.03656
DRC13,OUT049,1911.5123
FDR16,OUT027,4647.517
FDQ03,OUT027,5448.0996
FDE38,OUT035,2869.73
DRH23,OUT027,1936.6527
FDT11,OUT019,609.4685
FDD09,OUT035,3184.5715
FDR40,OUT045,1442.383
FDX07,OUT017,3478.277
FDR07,OUT035,2155.2312
FDA51,OUT017,2306.393
FDT59,OUT019,215.47769
FDF20,OUT017,3466.8337
FDR13,OUT045,2026.4487
FDY26,OUT049,3993.544
FDW04,OUT017,2058.3494
FDK52,OUT017,4988.355
FDN60,OUT049,3200.5142
FDM09,OUT019,784.59393
FDP46,OUT049,1576.8102
FDB50,OUT019,278.8785
NCQ29,OUT049,4175.2437
FDP16,OUT027,6502.5894
FDX33,OUT018,2066.0708
FDP07,OUT010,558.0813
FDN22,OUT046,3445.3333
FDF39,OUT049,4202.424
FDS21,OUT017,861.3351
NCM42,OUT013,2015.2496
FDK50,OUT019,475.93726
DRF13,OUT027,3906.0823
FDH35,OUT018,1809.9675
FDP60,OUT018,1548.7059
DRJ49,OUT027,3422.5002
NCT42,OUT019,462.50165
FDE38,OUT049,2831.8792
FDI04,OUT049,3195.834
NCH54,OUT045,2649.2512
FDT56,OUT049,889.5729
DRD15,OUT018,2325.2146
FDV58,OUT013,2691.765
FDP21,OUT049,3562.3762
FDH05,OUT013,3300.5498
FDR10,OUT027,4129.5825
NCP06,OUT045,2041.2728
FDF33,OUT049,2059.3105
DRK37,OUT013,3494.26
DRH49,OUT045,1446.274
FDT58,OUT013,2583.972
FDD41,OUT018,1242.2268
FDP40,OUT018,2051.8438
FDM51,OUT027,2933.0593
FDO45,OUT010,254.46066
FDW33,OUT010,194.02264
FDY24,OUT045,1016.4825
FDB10,OUT010,392.4407
FDM40,OUT035,2378.732
NCI06,OUT017,3321.469
FDW12,OUT019,383.48462
FDX48,OUT027,4012.8796
NCW05,OUT027,2746.0798
FDX27,OUT017,1549.7648
DRM37,OUT045,3782.4353
FDA38,OUT045,3536.0342
FDR36,OUT046,849.1548
FDZ45,OUT046,3343.7417
FDG05,OUT017,2529.6272
FDK28,OUT013,3378.6836
FDV47,OUT045,1457.8671
FDN21,OUT045,2156.2166
FDP20,OUT027,3611.0715
FDI35,OUT045,3499.0757
DRY23,OUT013,757.3726
FDA56,OUT017,2066.0264
FDB09,OUT013,2001.2726
NCO26,OUT027,2996.386
FDQ49,OUT018,2341.6191
FDI52,OUT027,3000.6765
FDZ44,OUT027,2926.4873
FDZ09,OUT018,2814.0144
FDY03,OUT049,2222.8557
NCG42,OUT017,2380.4465
DRI13,OUT027,6417.077
FDQ32,OUT013,2148.7363
FDW16,OUT035,1413.863
FDU27,OUT046,666.68835
FDR28,OUT010,517.04987
FDQ49,OUT010,323.94843
FDS37,OUT046,2330.7002
FDW26,OUT018,3020.3906
FDX12,OUT018,3526.1467
NCP06,OUT013,2397.5725
FDW45,OUT010,590.12067
NCN30,OUT049,1508.8177
FDN24,OUT049,945.07886
NCL41,OUT027,1224.172
FDR02,OUT019,344.35962
FDD09,OUT010,511.53122
FDS33,OUT010,81.613304
FDU22,OUT045,2082.7979
FDI53,OUT013,2326.576
DRH01,OUT049,2295.321
FDX32,OUT013,2504.2036
NCP30,OUT018,621.5527
FDB60,OUT045,2731.3088
FDB14,OUT049,1346.3855
NCP02,OUT035,1014.6821
FDJ10,OUT017,2177.4353
FDG34,OUT046,1530.8998
NCB18,OUT017,1379.4531
FDM16,OUT049,746.2311
FDW25,OUT018,1745.3245
FDB35,OUT010,206.58656
DRN11,OUT013,2217.3652
FDF41,OUT019,713.8719
FDH16,OUT045,1305.579
NCQ50,OUT018,3093.319
DRH23,OUT018,785.76874
DRJ37,OUT013,2411.9758
DRJ24,OUT027,5787.7583
FDY16,OUT035,3549.4233
FDQ27,OUT045,2019.969
FDZ33,OUT045,2260.6726
FDF29,OUT045,2005.1556
FDA08,OUT049,2963.9114
FDG31,OUT046,1047.7861
FDE34,OUT019,507.03253
NCR30,OUT027,2296.0261
FDV33,OUT035,3629.752
DRZ24,OUT018,2144.6794
NCL54,OUT035,3045.8164
FDR12,OUT049,2735.8738
NCC54,OUT046,3754.316
DRN59,OUT013,825.31006
FDX50,OUT019,283.54782
FDV31,OUT027,4173.5864
NCA29,OUT027,4800.5654
FDW60,OUT049,3160.064
FDX08,OUT017,3767.663
DRD49,OUT013,3467.7524
FDD33,OUT046,3510.017
FDW35,OUT013,600.0793
FDJ36,OUT017,1724.5323
FDV51,OUT035,3604.7104
FDW36,OUT046,1547.9847
FDH35,OUT046,2280.158
NCS30,OUT027,3161.0042
FDN49,OUT017,556.05273
FDL08,OUT018,2394.238
FDI09,OUT013,4140.9385
FDP19,OUT018,1743.5135
FDU21,OUT010,-32.036697
NCP41,OUT045,1618.5232
FDY10,OUT013,1868.9929
FDP12,OUT018,559.4256
NCN26,OUT049,2303.9106
FDK44,OUT013,2970.016
FDC28,OUT049,1237.072
FDJ41,OUT027,6422.69
NCT29,OUT035,2166.9207
NCH42,OUT019,652.0487
FDU60,OUT018,2785.2566
FDS02,OUT045,3499.8142
FDC51,OUT046,1813.1849
FDU03,OUT013,3407.0034
FDX39,OUT045,3648.7695
NCY05,OUT010,107.7307
NCL06,OUT027,6662.464
FDD32,OUT035,1454.2805
NCN41,OUT045,2003.5472
NCX53,OUT049,2244.8303
FDU57,OUT019,701.5323
FDQ23,OUT046,2101.0588
FDQ52,OUT045,6431.626
FDC14,OUT045,689.58093
FDY09,OUT035,3561.1575
FDQ28,OUT045,2608.8354
FDV25,OUT046,3936.329
FDJ07,OUT035,1833.1355
DRB25,OUT049,1751.1099
FDK52,OUT019,630.4992
FDY52,OUT027,1755.7512
FDB28,OUT046,3062.526
FDT36,OUT035,351.34946
FDV25,OUT017,3922.0981
NCN07,OUT027,3454.7532
FDC57,OUT017,3197.1187
FDQ03,OUT018,2281.1313
FDU23,OUT017,2991.2097
NCX41,OUT035,3479.985
NCD06,OUT035,758.6053
FDW08,OUT045,1613.0043
NCU29,OUT017,3023.4038
NCE06,OUT013,1982.0317
FDV52,OUT010,143.72964
FDB02,OUT017,3144.6296
NCR18,OUT045,743.6155
FDK16,OUT049,1425.1594
NCQ29,OUT010,725.8075
FDZ01,OUT019,148.87915
FDW27,OUT035,1859.5094
FDD17,OUT018,3775.9734
FDW39,OUT013,2849.355
DRH59,OUT045,1290.248
FDS52,OUT013,1375.5055
FDU40,OUT027,5165.6772
NCF54,OUT013,2928.135
FDH46,OUT045,1280.5824
NCP14,OUT049,1953.3931
FDH50,OUT049,3988.7693
DRF15,OUT010,118.658356
FDV27,OUT027,2489.029
NCJ06,OUT049,2202.8984
FDN02,OUT018,3341.6047
FDQ51,OUT049,646.19867
FDQ07,OUT017,4696.431
FDS45,OUT049,1895.887
NCJ06,OUT045,2018.9176
FDD36,OUT035,2226.2393
FDY25,OUT045,3661.8804
FDU52,OUT046,2637.9128
DRK47,OUT017,4178.05
NCL30,OUT017,2107.3494
FDN22,OUT035,3665.9846
NCF30,OUT027,3830.674
FDK03,OUT035,4502.8535
FDT45,OUT017,878.6429
NCC54,OUT027,6027.494
FDP08,OUT018,3262.5154
FDU44,OUT046,2888.8008
DRG39,OUT035,805.37976
FDU32,OUT049,2035.7212
FDY27,OUT049,2990.174
NCP54,OUT013,2120.3923
NCZ41,OUT049,1995.5104
DRL49,OUT013,1778.1425
FDI05,OUT018,1017.8773
FDY56,OUT045,4621.2246
DRC13,OUT013,1952.8531
NCV29,OUT017,3618.5815
FDR24,OUT049,1118.4248
FDZ34,OUT018,3175.4993
FDP37,OUT035,1974.4412
FDX08,OUT027,5213.473
FDS57,OUT045,2105.282
NCG18,OUT049,2014.736
FDK25,OUT018,3112.6477
FDH53,OUT049,1111.4812
DRI59,OUT018,3536.366
FDA52,OUT046,2418.9324
FDT20,OUT010,39.450283
FDE36,OUT019,773.6009
FDI24,OUT017,3152.5134
FDB28,OUT018,3014.242
FDV11,OUT017,2845.4722
FDP01,OUT046,2043.6536
FDD34,OUT027,3614.5361
FDJ50,OUT027,1503.355
FDZ44,OUT013,1390.2472
DRO59,OUT035,1363.6206
DRB48,OUT045,924.7099
FDR21,OUT018,2700.5076
NCE42,OUT010,319.14178
FDO23,OUT046,1438.2965
NCE30,OUT018,2745.5598
FDQ22,OUT035,1030.9199
FDY01,OUT045,1874.3503
FDS08,OUT017,1800.1255
FDG28,OUT018,2047.7969
FDQ51,OUT018,426.5356
FDB05,OUT017,3800.231
FDO56,OUT049,1958.2294
FDE02,OUT018,1134.3362
FDN45,OUT017,3595.7188
FDS09,OUT013,866.8266
NCA54,OUT018,2741.9302
FDP09,OUT010,922.43555
FDC53,OUT045,1032.0732
NCM55,OUT017,3597.8528
FDL09,OUT018,2785.595
FDA11,OUT019,280.87634
FDA50,OUT045,1226.2349
FDC23,OUT017,3979.8386
FDE22,OUT049,2980.5615
FDD23,OUT046,3082.3213
NCA29,OUT049,3392.4912
FDK38,OUT046,2481.8235
DRC13,OUT046,1878.5912
NCP43,OUT049,2476.7976
FDX28,OUT049,1402.2687
FDF08,OUT049,1528.5048
FDZ33,OUT046,2234.447
FDD10,OUT049,1908.9443
FDO58,OUT017,2445.0425
FDI50,OUT017,4264.265
FDO58,OUT045,2602.5867
FDX08,OUT013,3462.4756
NCK17,OUT010,-9.309964
FDF39,OUT035,5071.507
FDU45,OUT010,460.56607
NCJ18,OUT018,1720.2546
DRC27,OUT019,477.83203
DRC25,OUT035,1366.6898
FDU59,OUT035,2378.8516
FDU28,OUT035,3179.6624
NCP30,OUT046,487.04868
FDB39,OUT018,824.9882
FDE41,OUT013,1109.1708
DRH11,OUT010,175.56688
FDA58,OUT045,3445.369
FDU50,OUT046,1899.8236
FDM34,OUT013,2202.4678
FDM44,OUT027,2869.91
FDR39,OUT045,2958.5457
FDM25,OUT045,2624.5437
FDQ49,OUT049,2057.2805
DRH25,OUT018,580.15375
FDM09,OUT027,4297.748
FDL44,OUT019,525.73096
NCR42,OUT018,414.18317
DRL59,OUT046,774.94727
FDX43,OUT013,2219.5684
DRK47,OUT010,677.2783
FDU48,OUT018,1375.0743
FDY12,OUT045,736.2631
NCN43,OUT018,1765.9194
NCM55,OUT018,2325.502
FDQ21,OUT027,3322.7168
FDX13,OUT035,4177.9224
NCK30,OUT027,5672.158
FDG20,OUT049,2479.5327
DRG27,OUT017,591.826
FDY14,OUT018,4972.654
FDP59,OUT035,1392.4026
FDU60,OUT017,3555.257
NCC18,OUT019,615.9951
DRJ39,OUT017,3495.1223
FDS07,OUT049,2023.3046
FDM08,OUT027,5917.547
FDP51,OUT045,2187.5083
FDU16,OUT035,1709.6117
FDH12,OUT013,1840.5065
DRE48,OUT010,429.96164
NCL42,OUT027,7232.656
FDR21,OUT045,2638.8408
NCW29,OUT035,2101.79
FDO11,OUT013,5696.2764
NCM31,OUT049,2472.9414
FDV35,OUT019,628.10297
FDF58,OUT017,961.1667
NCE43,OUT049,3215.6316
FDA02,OUT035,2491.129
DRL37,OUT010,180.33937
FDR24,OUT018,1352.8846
FDW59,OUT049,1538.0946
FDS22,OUT049,946.1339
FDW24,OUT017,934.1409
FDU24,OUT035,1499.5504
FDA21,OUT027,5555.4214
FDH58,OUT027,3251.6562
FDW36,OUT018,1406.8212
FDI45,OUT027,5185.5986
FDU01,OUT018,3139.0154
FDF35,OUT027,2521.1455
FDU43,OUT019,187.46817
FDE24,OUT019,437.43707
FDK50,OUT049,2906.194
FDG31,OUT045,1046.8918
FDC60,OUT045,2388.7349
FDL36,OUT013,1436.0156
FDP21,OUT013,2832.5483
FDW16,OUT045,1507.2072
FDX02,OUT017,3950.6802
FDQ58,OUT027,3528.758
FDT51,OUT046,1340.226
FDD59,OUT049,1321.6925
NCM42,OUT018,1572.9055
FDA57,OUT018,761.601
FDZ48,OUT035,1550.8568
FDE46,OUT045,2169.148
NCZ30,OUT019,382.7035
FDB56,OUT017,3183.7727
FDA25,OUT027,2611.9019
FDD20,OUT013,2478.6187
FDL25,OUT013,1420.2242
NCO18,OUT049,3208.4758
FDJ45,OUT017,542.1224
FDR12,OUT035,2452.5518
NCF19,OUT010,152.75168
FDK25,OUT046,3088.3518
NCR17,OUT046,1940.4185
FDC52,OUT046,2041.2881
NCA54,OUT017,3401.783
FDR45,OUT010,656.5302
NCM19,OUT049,2275.7122
FDF39,OUT027,4243.076
FDX23,OUT049,1230.3259
FDD58,OUT027,2782.9104
FDX28,OUT013,1960.9933
NCD31,OUT013,2721.8958
FDU57,OUT018,2241.4817
FDI27,OUT046,640.371
NCM42,OUT046,1948.9786
FDD32,OUT027,2341.3003
FDI34,OUT013,3673.571
NCM29,OUT049,1952.3094
FDG46,OUT018,1779.2335
DRC01,OUT010,63.193184
FDB15,OUT027,5675.226
NCA17,OUT027,3967.1296
FDF10,OUT046,2586.357
FDR26,OUT027,4215.5713
FDI02,OUT049,1983.3688
NCM54,OUT010,287.13077
FDF14,OUT013,1944.3047
FDJ33,OUT010,519.0279
FDM20,OUT035,4756.413
FDC03,OUT027,5088.9097
NCX05,OUT046,2273.593
NCM41,OUT027,2882.6182
NCU29,OUT010,528.2659
FDQ59,OUT017,1152.0874
FDH46,OUT010,63.26338
FDH09,OUT013,605.3906
NCD06,OUT045,916.75305
FDC15,OUT035,2278.9827
DRD37,OUT027,1203.8768
FDT28,OUT027,3094.4375
FDR28,OUT027,3994.795
FDT38,OUT017,1185.4537
FDV34,OUT027,2175.356
FDY52,OUT035,952.73047
FDB34,OUT013,1639.038
DRL23,OUT018,1329.3835
DRB24,OUT046,2137.2786
FDJ50,OUT046,953.1272
FDQ49,OUT035,2407.7112
FDP20,OUT035,1984.8235
FDV19,OUT027,4098.794
NCR54,OUT045,3211.611
FDO09,OUT010,432.44672
FDS57,OUT018,2118.6233
FDN10,OUT049,1870.0907
FDV23,OUT049,2315.1533
FDY28,OUT049,3490.3184
DRG51,OUT013,2591.0999
FDD45,OUT019,288.98248
NCL18,OUT027,4892.3154
NCM29,OUT013,2168.011
FDF17,OUT027,5297.8887
FDE22,OUT017,2580.961
FDQ22,OUT017,645.98505
FDS01,OUT013,2882.6506
FDW35,OUT027,907.26917
FDJ33,OUT046,1899.3256
NCF54,OUT035,2990.8772
FDE09,OUT013,1463.6178
NCE06,OUT045,2681.2366
DRH49,OUT049,1054.3522
FDY43,OUT045,2466.5698
NCT05,OUT017,4757.3047
FDZ34,OUT045,3746.1133
FDL38,OUT017,1564.4858
FDZ31,OUT017,3445.3193
FDR14,OUT035,958.6618
NCN54,OUT049,1314.1298
NCC42,OUT027,3701.7844
FDK08,OUT017,1650.0419
FDP59,OUT013,1655.7732
FDV22,OUT035,3083.7651
FDD33,OUT035,3435.5273
DRE60,OUT027,6782.3745
FDK52,OUT046,3737.6125
FDA02,OUT017,2322.0674
FDM56,OUT049,1772.2339
FDE57,OUT035,2390.458
FDM32,OUT045,1338.6138
NCQ30,OUT027,3482.8237
FDQ27,OUT027,2491.0518
FDT60,OUT027,3085.6438
FDU43,OUT049,3803.9106
NCO55,OUT035,1814.8472
FDG02,OUT045,2200.3303
FDJ28,OUT013,3344.0688
FDP40,OUT045,1892.7484
FDJ38,OUT045,2699.9255
NCC54,OUT017,3828.1416
NCZ41,OUT046,1920.9686
FDK38,OUT019,292.15768
FDU52,OUT013,1550.2112
FDC40,OUT046,978.19977
NCR30,OUT017,1084.1395
NCN18,OUT017,2115.0571
FDB50,OUT035,1134.1445
FDG04,OUT013,3227.3364
FDR26,OUT035,2537.8086
NCT17,OUT018,3008.444
FDX35,OUT027,6042.1255
FDS12,OUT046,2579.2607
NCZ29,OUT027,3337.1775
FDB38,OUT010,410.40894
FDP12,OUT013,564.2149
FDP22,OUT046,945.89484
FDS26,OUT018,5243.8
FDR52,OUT046,3152.1755
DRJ13,OUT046,2628.5586
FDU48,OUT027,3234.328
FDE29,OUT035,1049.6356
NCT29,OUT049,2078.9849
DRK37,OUT018,3666.6812
FDK55,OUT046,1193.8386
FDR07,OUT046,1998.7598
FDO21,OUT027,5701.3706
FDK46,OUT049,5191.678
FDB12,OUT045,1738.4064
FDT31,OUT027,4025.7341
FDJ33,OUT045,2032.458
FDC26,OUT027,3307.7188
NCQ02,OUT045,3014.8022
FDP08,OUT010,682.1633
FDB11,OUT027,5597.784
FDV55,OUT013,2363.1948
FDW20,OUT049,2017.8041
NCJ18,OUT019,481.59793
FDC41,OUT018,1055.449
FDE14,OUT027,2673.914
FDG35,OUT013,2522.1294
FDF45,OUT035,1138.5981
FDS19,OUT027,2373.6782
FDS58,OUT019,550.8777
FDA26,OUT017,4756.161
FDM32,OUT049,1333.2311
FDL45,OUT046,2040.8188
FDZ55,OUT049,2298.4207
FDY37,OUT049,2148.5835
FDO46,OUT046,2349.1643
FDQ60,OUT046,2569.0479
FDA19,OUT018,1895.5128
FDL15,OUT046,2206.94
FDM10,OUT018,2192.2427
NCL05,OUT017,653.50037
DRK49,OUT010,97.51031
NCE18,OUT027,7249.7876
FDG40,OUT049,615.0594
DRI59,OUT045,3849.715
FDK28,OUT035,3694.6584
NCD06,OUT019,236.01479
FDO11,OUT019,673.3274
FDK27,OUT046,1696.16
FDT43,OUT027,1306.1002
FDD38,OUT018,1517.2588
FDA16,OUT049,4331.194
FDL14,OUT027,3657.2178
NCM17,OUT049,871.36664
FDD20,OUT045,1894.4498
FDA40,OUT045,1515.7021
FDL43,OUT045,1400.2727
FDV15,OUT045,2131.0908
FDE52,OUT046,1464.9713
NCL17,OUT010,555.55035
NCJ31,OUT045,3011.2559
FDR60,OUT045,1050.3237
NCA18,OUT035,1625.1201
FDS21,OUT027,1795.7155
FDW09,OUT035,1382.7623
FDL26,OUT035,2597.748
FDS47,OUT018,1290.6356
FDC39,OUT046,3475.144
FDT51,OUT035,1439.6392
FDK40,OUT035,3986.608
NCG19,OUT045,3087.1653
FDZ07,OUT046,759.47253
FDF08,OUT027,2549.81
FDO04,OUT013,684.8729
FDK41,OUT018,1148.6405
FDP15,OUT049,5549.7617
NCD43,OUT018,1516.808
NCP18,OUT013,2492.6548
FDZ51,OUT046,1312.5001
DRH13,OUT035,1840.1603
FDF38,OUT045,537.6408
NCI43,OUT045,778.4061
FDM38,OUT027,2001.7651
FDS03,OUT013,1214.65
DRJ47,OUT017,2913.1135
FDT50,OUT010,107.18302
FDV02,OUT046,3015.4834
NCG18,OUT017,1908.4585
FDW52,OUT046,2747.2622
FDS40,OUT035,592.29987
FDN31,OUT017,3337.6104
FDA37,OUT045,1562.7695
FDA15,OUT046,3940.5603
FDL39,OUT046,2139.8281
FDJ53,OUT045,1899.4347
FDX22,OUT013,3322.9248
NCZ42,OUT045,5143.301
FDD56,OUT027,4461.8467
FDD40,OUT017,3470.4302
FDS50,OUT013,3656.9644
NCN14,OUT013,3694.8938
FDT15,OUT013,3330.2947
NCS18,OUT027,3143.0298
NCO26,OUT010,402.44022
FDF58,OUT018,930.136
NCB19,OUT013,1475.0428
FDH26,OUT017,2061.371
DRB24,OUT027,4244.3667
FDA49,OUT018,1040.6913
FDB32,OUT045,1408.991
FDI36,OUT017,3204.0464
NCA17,OUT010,364.5501
FDH22,OUT013,2009.0509
NCM26,OUT018,2394.4983
FDT15,OUT027,6092.455
FDB16,OUT018,1154.243
NCP54,OUT027,3330.2307
FDJ36,OUT013,1669.5648
FDO28,OUT045,2071.6316
FDU09,OUT013,601.32074
FDF29,OUT017,2381.221
FDY08,OUT013,2143.4924
DRJ59,OUT018,250.83817
FDT23,OUT027,2456.8196
FDU15,OUT018,364.57272
FDT47,OUT013,1845.9437
FDI53,OUT019,831.48584
FDR59,OUT018,3110.9514
FDD53,OUT035,588.23047
FDY51,OUT017,3728.0994
FDT04,OUT049,469.1907
FDU51,OUT049,3593.498
FDG14,OUT035,3017.01
NCU06,OUT045,4521.6353
DRG25,OUT046,3399.9487
DRH49,OUT035,1298.2001
FDN15,OUT035,2033.1979
FDL43,OUT018,987.9945
NCT18,OUT049,4675.2734
NCB31,OUT013,3881.3086
FDK57,OUT035,1784.6469
FDY04,OUT019,511.91434
NCP54,OUT046,2011.2612
FDF41,OUT013,4718.6753
FDM01,OUT045,1520.7871
FDW03,OUT045,2004.3207
FDF28,OUT045,2064.7017
FDY37,OUT017,2470.058
FDQ03,OUT017,4060.8313
FDP51,OUT027,3101.927
FDJ40,OUT017,1791.1018
FDC32,OUT049,1127.7942
DRI49,OUT027,1785.3782
NCW54,OUT017,999.0437
FDF09,OUT017,657.85504
FDP45,OUT018,2670.6873
DRJ23,OUT018,2992.088
FDS59,OUT017,2069.374
FDY08,OUT046,2226.343
FDX16,OUT049,2133.35
FDY16,OUT018,2664.9666
FDK32,OUT035,2702.4343
FDQ22,OUT013,820.54987
NCC31,OUT018,2111.7166
FDG58,OUT049,2648.5876
DRF48,OUT013,2557.6763
DRH36,OUT049,1156.7272
NCR30,OUT035,1104.9932
FDB03,OUT019,529.0249
FDZ28,OUT027,3390.131
FDR35,OUT017,3008.2966
DRD15,OUT027,5612.1284
FDJ33,OUT019,417.78073
FDA56,OUT010,223.54749
FDP56,OUT046,694.24677
NCT30,OUT046,748.6745
FDK15,OUT017,1699.0737
FDH44,OUT018,2235.3467
FDV01,OUT013,2395.1587
DRG03,OUT017,2553.026
FDG50,OUT027,2632.107
FDR16,OUT010,1076.8431
FDZ60,OUT046,1448.1476
DRG03,OUT045,2174.5886
FDS56,OUT018,4008.76
FDU33,OUT045,973.82556
DRD27,OUT035,1764.8171
FDW22,OUT046,2577.8262
DRA24,OUT045,2771.694
FDF38,OUT049,475.7153
FDX48,OUT013,1871.2961
FDS58,OUT018,2399.0764
FDC32,OUT046,1017.7966
NCQ29,OUT045,3834.5837
DRK39,OUT018,1109.8917
NCS38,OUT017,1839.2037
DRO47,OUT013,2083.871
DRG27,OUT027,1249.5223
FDC57,OUT027,5498.2656
FDS55,OUT046,2552.9233
NCJ06,OUT018,1513.0078
FDO01,OUT019,315.41388
NCM55,OUT045,2577.815
FDC52,OUT049,1871.4574
FDQ15,OUT045,1381.8153
NCT30,OUT027,1578.906
NCR42,OUT027,908.0109
FDD28,OUT035,636.1436
FDQ34,OUT049,1599.6702
FDZ12,OUT027,3216.9514
DRE13,OUT019,310.90372
NCN07,OUT019,563.9997
FDM28,OUT035,2681.354
FDI10,OUT017,2826.532
FDQ25,OUT013,2384.5166
FDA38,OUT010,772.15356
DRI13,OUT049,4002.353
FDY20,OUT027,2833.629
NCZ53,OUT035,3697.2075
NCM31,OUT013,3152.4165
DRB01,OUT017,2339.5474
DRF37,OUT046,5250.7896
NCF42,OUT049,2391.2944
FDF16,OUT018,2134.9453
FDB41,OUT013,871.4607
FDR34,OUT013,5047.9346
FDR15,OUT018,2276.6409
NCV42,OUT019,330.7481
FDW51,OUT035,3532.0347
FDU36,OUT017,1817.8202
FDX60,OUT049,1219.1871
FDY03,OUT035,1748.9591
FDW55,OUT045,3995.0667
FDT01,OUT010,591.36993
FDG58,OUT013,2324.3508
FDK21,OUT017,6397.225
NCS41,OUT019,550.5631
FDS10,OUT045,2616.7878
NCT53,OUT046,2448.1902
FDJ28,OUT018,2642.8713
FDX44,OUT045,1058.5289
FDT20,OUT018,578.74274
FDO44,OUT017,1851.7319
NCX17,OUT049,2514.7822
FDY01,OUT017,2428.6738
FDJ12,OUT027,5550.7515
DRK35,OUT018,398.1188
FDD47,OUT019,657.30505
NCM53,OUT035,1715.14
FDO45,OUT013,1330.3319
NCM42,OUT010,499.12622
FDE04,OUT046,2926.2046
NCI30,OUT027,5980.297
FDZ19,OUT013,2935.1802
FDW57,OUT013,3482.1116
FDA25,OUT013,1763.3263
FDT22,OUT046,1110.9034
FDP51,OUT013,2189.313
FDD48,OUT027,2800.996
FDY39,OUT035,4034.6868
FDO48,OUT010,830.02747
FDD23,OUT027,5732.1963
DRN35,OUT027,1007.5669
FDT01,OUT035,3228.927
FDC20,OUT010,139.4887
DRJ35,OUT035,1076.1382
FDB32,OUT046,1707.8278
FDL24,OUT046,3274.992
NCV42,OUT035,1895.0156
FDZ46,OUT046,1975.1796
FDC15,OUT013,2325.5017
FDD08,OUT019,104.34577
FDY50,OUT049,751.02014
FDD36,OUT013,1981.8129
FDG57,OUT027,1432.2922
FDL21,OUT018,446.918
FDN16,OUT027,2531.4001
FDJ09,OUT027,1172.5793
FDS01,OUT010,467.47177
FDV33,OUT017,3456.5488
DRE12,OUT017,1348.652
FDR07,OUT013,2454.5356
FDP48,OUT010,1016.2493
NCB55,OUT035,840.2653
FDQ08,OUT013,978.419
FDR34,OUT035,4612.119
FDO33,OUT046,2052.468
FDP13,OUT045,542.53766
FDX12,OUT049,4273.64
NCT06,OUT049,3517.312
FDR16,OUT019,979.18945
FDE36,OUT046,3617.9812
FDZ36,OUT049,3493.918
FDV13,OUT045,1545.4514
NCZ17,OUT035,756.2241
FDU56,OUT045,2699.3481
FDM09,OUT035,2676.3918
FDV02,OUT017,2659.5767
FDS34,OUT018,1411.8365
FDA11,OUT049,1182.8745
FDP09,OUT017,5153.0737
FDB29,OUT027,3013.129
FDT19,OUT017,3737.6367
DRH15,OUT017,641.9807
FDY38,OUT046,3850.3325
FDF14,OUT027,3441.3423
FDN48,OUT010,294.33084
FDQ12,OUT013,3575.4363
NCJ43,OUT045,2647.1885
FDE17,OUT019,400.82782
FDB05,OUT035,3939.8242
FDH10,OUT045,1284.5973
NCR06,OUT017,632.926
FDU32,OUT018,1618.8525
FDD56,OUT049,3041.1436
FDO36,OUT018,2449.6416
FDH16,OUT010,173.18446
FDX10,OUT018,131.01907
FDZ37,OUT017,1222.2407
FDU31,OUT010,734.9329
DRC49,OUT049,1852.8744
FDL15,OUT045,2661.0525
FDN32,OUT019,485.35898
DRH59,OUT027,2163.474
NCU29,OUT049,2714.9185
FDR37,OUT019,742.7538
FDS14,OUT018,2248.626
FDU02,OUT027,5196.0835
FDJ08,OUT035,3240.8733
NCZ06,OUT045,3737.9434
FDO31,OUT049,1071.8907
FDH31,OUT018,1066.1807
FDS58,OUT017,2760.287
NCA53,OUT027,1387.7117
FDF50,OUT046,3305.4429
NCW42,OUT049,4104.1865
NCQ17,OUT045,2783.7817
FDK51,OUT018,4321.608
NCW41,OUT010,495.21283
NCR29,OUT017,864.483
FDB08,OUT019,535.619
FDA40,OUT027,2453.2625
FDL14,OUT018,2048.928
FDB47,OUT046,3637.4792
FDO03,OUT035,4303.285
DRK13,OUT019,684.4645
FDX13,OUT010,749.3719
FDF52,OUT046,3296.784
FDT11,OUT013,2280.4382
FDB08,OUT013,2538.749
FDQ28,OUT018,2768.8533
FDD29,OUT045,4504.164
NCQ29,OUT027,5962.277
NCO02,OUT013,1013.25006
FDR56,OUT010,397.9242
NCM54,OUT049,2257.5613
FDP51,OUT035,2033.7805
FDT38,OUT013,1183.8795
FDZ20,OUT018,2804.2573
FDJ53,OUT013,1869.3945
FDX13,OUT049,4687.238
FDP58,OUT035,3781.5369
NCK31,OUT019,169.15996
FDA35,OUT018,1705.946
FDV37,OUT018,2586.7368
NCO07,OUT027,4818.0503
FDA20,OUT045,2656.4773
FDZ59,OUT035,3387.8757
NCY17,OUT017,631.42816
FDQ28,OUT035,2974.752
FDV35,OUT017,2297.652
FDQ36,OUT013,636.4389
FDD34,OUT018,2516.3071
FDK51,OUT045,4271.095
FDV31,OUT035,1929.0265
FDR04,OUT035,1776.5466
FDR14,OUT049,753.14136
DRC36,OUT010,453.0076
FDE39,OUT019,177.27231
FDP57,OUT049,1498.8356
FDE57,OUT046,2032.7916
NCN18,OUT046,1892.2848
NCQ05,OUT018,2125.7664
FDW47,OUT035,1829.7269
FDV46,OUT035,2345.9026
NCP29,OUT045,1022.57184
FDE09,OUT018,1235.8033
NCU06,OUT027,6511.21
FDT19,OUT010,683.66455
DRF15,OUT017,2514.9844
DRI51,OUT013,2887.0552
NCX54,OUT013,1668.8188
DRE01,OUT013,4322.5957
NCB07,OUT045,3026.5696
FDU50,OUT035,1705.8142
FDG40,OUT035,586.5864
FDW10,OUT018,2927.8853
FDX51,OUT013,3001.337
NCP17,OUT045,1113.2003
FDP21,OUT035,2815.4536
FDL04,OUT045,1722.4775
FDV23,OUT013,2260.97
FDF24,OUT046,1231.2366
FDH56,OUT027,2906.2559
FDB51,OUT049,569.02795
FDI58,OUT027,2554.4402
FDR20,OUT013,557.10876
FDC51,OUT018,1949.7728
FDB16,OUT027,2424.4841
FDE40,OUT049,468.55927
NCM17,OUT035,1082.8514
FDU56,OUT035,3330.5366
FDS32,OUT019,520.344
FDX02,OUT049,3708.8726
FDT39,OUT027,4375.271
FDE35,OUT017,846.8164
NCI42,OUT019,738.4253
DRL23,OUT046,1671.327
FDA10,OUT046,2107.249
FDA11,OUT013,1409.6598
NCM06,OUT046,2440.0544
NCT05,OUT035,4686.673
NCQ02,OUT010,612.8283
NCY06,OUT049,2250.5437
FDY56,OUT035,4703.915
FDL02,OUT035,2201.5452
NCI06,OUT035,3118.2686
FDQ14,OUT045,2097.7646
FDQ12,OUT017,3296.2632
FDP36,OUT046,869.6868
FDK21,OUT027,8158.698
FDO40,OUT045,2370.942
NCK54,OUT019,230.09924
FDY09,OUT018,2931.3716
NCW30,OUT049,4186.443
NCC55,OUT027,825.8225
FDE58,OUT018,1613.3302
FDR39,OUT013,3417.046
FDU28,OUT049,3351.003
FDH08,OUT017,4152.0635
FDG35,OUT045,2777.3577
FDG22,OUT049,653.09656
FDC34,OUT035,3158.8337
FDP15,OUT018,3149.8816
FDK34,OUT010,281.9038
FDU45,OUT035,2092.3923
FDQ04,OUT027,893.25946
FDX22,OUT018,2832.1174
FDB45,OUT017,1662.367
NCH43,OUT027,4551.0854
DRE60,OUT046,3758.3613
FDD17,OUT027,5618.193
NCM54,OUT017,2222.1824
NCH55,OUT013,2094.386
NCT06,OUT017,2576.4727
FDA48,OUT027,5083.9243
FDY58,OUT027,8286.701
FDO25,OUT045,3541.2578
FDN50,OUT045,1735.7068
FDH35,OUT035,2820.7976
FDK09,OUT045,4680.832
FDO16,OUT013,1364.3007
FDW11,OUT045,1173.971
FDU47,OUT027,3963.7168
NCQ42,OUT010,229.36607
FDK55,OUT027,2885.6804
FDN08,OUT049,2047.6235
FDT57,OUT045,3917.4575
FDJ12,OUT018,3402.066
DRL59,OUT017,726.38104
NCN53,OUT046,962.1357
FDO51,OUT010,-15.769377
FDK56,OUT017,3209.3389
FDY12,OUT035,577.8308
FDU15,OUT035,740.60065
FDQ19,OUT046,3698.0042
DRF15,OUT045,2213.3762
DRE25,OUT019,177.4374
FDK57,OUT018,1751.955
FDD33,OUT010,272.2368
FDR34,OUT027,7714.994
FDU04,OUT045,2016.7573
FDE35,OUT019,261.50476
NCD31,OUT035,3267.5461
FDJ56,OUT035,1953.7523
NCU53,OUT046,2254.5425
FDD39,OUT035,3289.4146
NCU17,OUT019,304.28665
FDJ20,OUT046,1837.6862
NCW41,OUT018,2510.767
FDL52,OUT035,468.99124
FDS39,OUT035,2820.3926
DRJ47,OUT045,2668.9546
FDP13,OUT010,35.86114
DRK39,OUT010,212.79134
FDF28,OUT010,231.6379
FDB09,OUT045,1942.0448
FDM51,OUT046,1514.4875
DRM49,OUT018,297.54233
DRF23,OUT013,2525.4968
DRH01,OUT035,3034.0225
FDH12,OUT027,2547.6194
FDA28,OUT019,301.7252
FDW37,OUT018,1018.05786
FDF02,OUT046,1795.3479
DRL37,OUT046,701.2352
NCF43,OUT046,1880.1968
FDH08,OUT010,801.94885
FDR34,OUT019,842.5617
NCK19,OUT049,4235.7695
NCD55,OUT018,473.3483
FDT27,OUT049,3430.7493
FDQ57,OUT045,2032.9641
FDA47,OUT035,2431.1772
DRG15,OUT027,1638.8734
FDE05,OUT018,2083.154
FDN46,OUT046,1834.4664
FDX27,OUT027,2427.5752
FDT51,OUT045,1311.0887
FDU33,OUT013,635.35504
FDJ16,OUT027,1615.9174
FDD20,OUT019,343.18442
FDT36,OUT049,554.94934
DRF15,OUT027,3685.9133
FDN52,OUT010,121.28437
FDC22,OUT027,5375.935
FDX15,OUT045,2354.801
FDT13,OUT013,3675.002
FDU04,OUT017,2203.9592
FDU31,OUT019,334.17258
FDW59,OUT027,2094.8625
NCO29,OUT046,2761.676
FDL15,OUT035,2542.4531
FDI41,OUT049,2810.4905
FDQ48,OUT049,1847.0875
DRI39,OUT013,955.7604
FDI08,OUT013,3872.7415
FDC21,OUT049,1909.7014
FDF58,OUT035,1105.7612
FDS08,OUT010,46.26383
FDE47,OUT045,1974.5602
NCP18,OUT019,465.71805
NCR41,OUT013,1582.4277
FDA27,OUT013,2644.283
FDA43,OUT035,3078.6082
FDA49,OUT045,1542.8293
NCE55,OUT018,3118.6355
DRM49,OUT027,737.47955
FDF22,OUT027,5341.212
FDQ15,OUT018,1335.1958
NCS54,OUT017,3307.053
NCY05,OUT013,579.3264
FDR45,OUT046,4764.755
FDK57,OUT049,2426.2996
FDF41,OUT010,652.62463
FDV21,OUT046,1963.437
FDD51,OUT046,692.41077
FDF33,OUT046,2136.9426
FDA38,OUT046,4365.913
FDR56,OUT045,3015.8975
NCN41,OUT017,2179.5796
FDC60,OUT027,2311.3625
FDB47,OUT045,2649.449
DRH01,OUT013,3096.0803
FDW08,OUT046,1835.214
FDF38,OUT027,1037.6572
FDY32,OUT017,2958.547
FDG34,OUT049,1459.0156
FDG47,OUT019,533.29193
NCF18,OUT035,3015.5674
FDL39,OUT019,846.87616
NCH55,OUT035,2310.6265
DRJ35,OUT049,796.6342
FDS44,OUT035,4878.9907
DRE01,OUT018,4338.437
FDY39,OUT013,3337.5508
FDY32,OUT018,3123.685
FDR33,OUT027,3793.2214
NCP50,OUT049,1090.4945
FDZ47,OUT018,1406.863
FDU57,OUT049,2721.3296
FDY44,OUT013,2841.328
DRH59,OUT018,993.236
FDB03,OUT027,6810.475
FDY46,OUT045,2877.7239
FDM39,OUT045,2465.7363
FDY36,OUT035,1018.08496
NCM55,OUT035,3735.3362
FDJ50,OUT010,29.849712
DRL60,OUT013,2179.5789
NCJ54,OUT049,4086.9885
FDX59,OUT017,483.16022
FDI07,OUT013,3605.0225
DRF51,OUT010,51.80146
FDM14,OUT017,1840.2765
FDP21,OUT045,3118.5496
FDE40,OUT035,884.31934
FDE05,OUT035,2455.3188
FDM13,OUT027,2820.5503
FDC34,OUT027,3574.6782
NCI55,OUT018,1904.5466
NCE43,OUT018,2179.382
FDW58,OUT018,1279.1462
FDG60,OUT045,3261.0857
FDV31,OUT017,2297.5435
FDR47,OUT013,2620.6646
FDM60,OUT019,11.129186
NCF06,OUT018,2450.2102
NCN26,OUT027,2759.7126
FDQ59,OUT049,1276.9248
FDF09,OUT046,629.8578
NCS06,OUT017,3309.8228
FDT44,OUT046,1917.4856
FDI19,OUT017,4170.136
FDT22,OUT017,853.49384
NCF54,OUT027,4628.535
DRG25,OUT045,3823.7354
FDB59,OUT017,2737.419
FDQ37,OUT017,4077.7305
FDP56,OUT035,844.733
FDW44,OUT035,2649.7336
FDJ26,OUT010,256.51736
FDU43,OUT018,2714.9424
FDW33,OUT045,1498.0479
NCX53,OUT027,3241.2048
FDN56,OUT010,494.70468
DRF15,OUT049,1814.5449
FDO33,OUT017,2324.0037
FDZ39,OUT010,125.15281
NCJ19,OUT017,658.0925
FDU01,OUT035,4652.578
FDT12,OUT035,3299.3071
NCM18,OUT018,956.45154
FDP19,OUT017,2570.9744
NCR42,OUT049,420.0422
FDN10,OUT046,1618.1202
FDG44,OUT017,900.5752
FDQ10,OUT046,3187.1177
DRH13,OUT049,1679.4894
FDT52,OUT013,4759.985
FDM56,OUT045,2269.1125
NCO43,OUT010,335.6899
NCV29,OUT035,3437.1694
NCF06,OUT013,4272.215
FDO50,OUT035,1448.285
FDT59,OUT013,3866.0264
FDX40,OUT027,1035.5613
FDE50,OUT017,4150.612
FDX51,OUT017,3457.462
NCD30,OUT018,1472.8274
FDK15,OUT013,2032.1536
FDL12,OUT045,700.73126
FDK46,OUT017,4137.426
DRH49,OUT010,218.53197
FDQ57,OUT046,2642.3894
FDY59,OUT017,1259.1842
FDO09,OUT018,2835.777
NCG30,OUT035,2130.2964
FDM09,OUT017,2326.5764
NCN17,OUT027,2738.9778
NCS42,OUT013,1189.9513
FDD02,OUT019,306.38153
FDE34,OUT013,3785.5505
FDU38,OUT045,3371.3162
FDB33,OUT046,2964.2778
NCJ29,OUT017,1473.7024
FDZ27,OUT035,858.79767
FDI40,OUT013,1699.613
FDG22,OUT013,867.5826
FDT51,OUT017,1797.2302
FDF20,OUT018,2766.3347
FDV50,OUT035,1693.2357
FDT02,OUT049,598.68933
DRC49,OUT017,2365.5217
FDF26,OUT049,2110.3052
FDV52,OUT035,1930.4968
FDX59,OUT049,596.85376
FDV25,OUT035,3781.4004
FDW23,OUT027,988.5719
FDE53,OUT018,1302.2512
FDA19,OUT017,2069.1394
FDH22,OUT046,1769.8987
NCO41,OUT013,1859.2295
FDX12,OUT017,4066.5046
FDF17,OUT013,2247.2397
FDS11,OUT045,3130.9512
FDR51,OUT035,2901.932
FDT49,OUT010,166.1005
FDC56,OUT013,2343.5413
FDR13,OUT027,3000.3228
FDQ60,OUT035,2308.3718
FDN38,OUT049,4739.6694
NCL29,OUT013,2906.3643
FDO13,OUT027,4292.523
FDE26,OUT018,2106.713
FDA31,OUT010,437.39777
FDX14,OUT035,1055.3824
FDA34,OUT045,3108.7031
FDF26,OUT013,2135.7769
FDE38,OUT045,2448.1494
DRI11,OUT046,1970.8163
FDQ60,OUT027,2574.7217
FDL21,OUT027,824.957
DRC12,OUT027,6111.7114
FDC47,OUT046,3540.7273
FDE57,OUT045,1993.4747
FDT14,OUT045,1982.2308
NCZ53,OUT046,3329.122
FDE28,OUT018,3793.6658
FDR19,OUT035,2841.4983
NCF54,OUT019,640.61273
FDZ08,OUT046,1449.4169
NCJ05,OUT018,2121.4001
FDF59,OUT046,2231.893
NCO05,OUT035,1796.0654
FDW24,OUT018,801.01434
NCX42,OUT018,3096.409
NCA53,OUT035,922.62714
FDI45,OUT019,444.7626
FDG46,OUT046,1669.0463
FDM20,OUT010,377.2626
FDW11,OUT010,185.58794
FDX08,OUT035,3507.6882
NCK17,OUT035,665.54956
FDK32,OUT018,2073.9822
NCA42,OUT035,3048.7578
DRI01,OUT035,3589.4885
NCL55,OUT049,4499.0186
DRE25,OUT018,1161.51
FDD14,OUT017,2621.7908
FDB10,OUT046,2764.9697
DRN11,OUT035,2743.704
FDP38,OUT018,633.9287
NCA30,OUT017,2924.1768
FDT15,OUT017,3813.06
NCP55,OUT018,724.43835
FDF12,OUT035,2236.558
FDM21,OUT018,4024.8335
FDX56,OUT035,4422.254
FDF10,OUT017,2861.027
FDT32,OUT045,3017.2053
FDM51,OUT018,979.03546
NCR50,OUT018,2839.1191
FDI19,OUT049,4021.0781
FDX21,OUT017,1379.3108
FDR31,OUT035,2687.6616
FDY02,OUT013,4252.565
NCA29,OUT045,4266.117
NCX17,OUT046,3158.708
FDM12,OUT045,2098.7942
FDI53,OUT027,3810.2703
NCU30,OUT049,2974.8132
FDC56,OUT027,3780.003
FDK27,OUT018,1963.148
NCK18,OUT017,2949.1892
FDB52,OUT019,826.78656
DRG25,OUT027,6451.8364
FDZ13,OUT049,692.189
FDB57,OUT019,672.464
FDR40,OUT046,1323.079
NCO14,OUT019,208.70976
NCN19,OUT045,2333.511
FDQ28,OUT019,457.28873
FDO13,OUT018,2206.4163
FDK48,OUT013,1013.3046
FDU07,OUT018,2216.9646
FDW20,OUT046,2311.995
FDV12,OUT010,251.10481
FDH24,OUT013,2366.509
FDV59,OUT049,3820.2686
FDK57,OUT045,2064.1606
FDL16,OUT027,1198.2338
NCQ17,OUT046,3062.3389
FDJ15,OUT018,2981.3901
FDX24,OUT049,1371.4209
FDT47,OUT046,2228.9187
FDT10,OUT049,974.6051
FDZ37,OUT018,779.7608
FDW43,OUT027,7731.4043
DRN36,OUT017,1664.0887
FDJ14,OUT045,1528.9786
FDA32,OUT013,2907.9314
FDJ38,OUT019,761.2453
FDQ57,OUT017,2421.5493
NCQ41,OUT019,481.0961
FDG56,OUT049,1010.93646
DRC13,OUT027,3664.99
FDV55,OUT035,2723.0603
FDQ49,OUT045,2995.2769
FDE29,OUT010,118.07639
FDR03,OUT013,3939.5999
FDD45,OUT049,1195.4451
FDN38,OUT010,689.6607
FDT56,OUT046,911.71875
FDT48,OUT045,3037.585
FDU03,OUT049,3720.338
FDC56,OUT010,358.82343
NCO43,OUT027,3062.2378
FDQ27,OUT017,1991.6788
FDR03,OUT046,3187.497
DRH23,OUT010,172.32167
FDG22,OUT045,735.7008
NCJ42,OUT013,1678.9216
FDR24,OUT046,1236.6168
FDW60,OUT035,2911.6604
FDJ08,OUT013,3640.522
DRL59,OUT018,543.69867
FDG60,OUT010,167.19421
FDW27,OUT017,2328.7239
FDX14,OUT018,921.51294
FDC20,OUT013,765.13104
NCS29,OUT018,3010.9753
FDJ56,OUT046,1525.4569
FDB20,OUT019,251.70381
FDL28,OUT027,6196.2666
FDW01,OUT018,1861.7931
FDL03,OUT046,2078.8738
FDX22,OUT049,4962.4014
FDJ21,OUT035,2992.1282
FDR31,OUT045,2398.2434
FDG21,OUT035,3256.6978
FDS22,OUT027,1617.2466
FDK08,OUT035,1633.351
FDE17,OUT018,2133.149
NCN30,OUT017,1427.6392
FDT50,OUT046,1616.5295
NCX42,OUT049,2817.2075
FDJ12,OUT035,4106.734
NCA18,OUT027,3089.222
FDP23,OUT019,422.06195
FDX12,OUT013,4089.5771
FDN40,OUT018,2077.6443
FDV48,OUT035,1466.2394
NCY54,OUT013,2717.5786
FDL16,OUT010,122.22453
FDR45,OUT018,4248.316
FDJ52,OUT046,2544.8914
DRG01,OUT017,1538.3181
FDP52,OUT013,3928.066
FDU58,OUT017,3022.118
FDL02,OUT045,2103.8916
FDG28,OUT013,4451.902
FDA19,OUT035,2186.3687
FDW46,OUT027,1847.4714
NCD43,OUT049,1564.2319
DRG39,OUT013,902.3146
NCF55,OUT049,887.7075
FDJ07,OUT046,2009.8689
FDE08,OUT046,2173.915
FDP56,OUT019,259.71207
FDT45,OUT045,700.7994
FDF17,OUT018,3024.2915
FDX44,OUT046,1225.1653
FDM28,OUT027,4574.2817
FDI36,OUT049,2807.501
FDS07,OUT045,1807.0144
FDD36,OUT045,1827.5074
FDW11,OUT046,861.5336
FDN40,OUT049,1940.7267
NCQ18,OUT049,1596.1696
NCQ54,OUT017,3761.1248
NCS42,OUT045,1309.207
DRH39,OUT010,128.26881
FDC09,OUT027,2574.6948
FDT08,OUT010,519.216
FDC08,OUT035,3885.2153
FDT20,OUT017,614.26843
FDS35,OUT035,1031.9329
FDX58,OUT018,3025.1787
FDW58,OUT046,1689.4153
DRD27,OUT046,1711.6022
FDH32,OUT019,279.73914
FDS26,OUT035,4915.8643
FDQ31,OUT046,1656.4504
FDP11,OUT018,2854.502
FDD58,OUT017,1666.1315
FDM33,OUT045,3033.0254
FDZ16,OUT049,2857.0132
NCS29,OUT010,688.148
NCM18,OUT019,326.7177
FDP11,OUT049,2706.7573
NCC42,OUT017,2372.1833
DRM23,OUT046,2626.0554
NCN55,OUT027,5759.159
FDK46,OUT013,4233.9805
FDR01,OUT046,3523.8152
NCA05,OUT045,1456.2869
NCP43,OUT017,2778.5688
FDR12,OUT010,578.1755
FDQ01,OUT013,3087.7168
FDM13,OUT046,1827.2944
FDQ19,OUT017,4232.5684
FDK56,OUT019,643.23035
NCX06,OUT010,500.32288
FDO56,OUT027,2904.1357
FDU45,OUT045,2009.5685
FDI16,OUT019,147.64697
FDL32,OUT046,1685.7257
FDA07,OUT046,2214.5886
FDA14,OUT045,2227.9277
FDV46,OUT027,3612.8286
NCO07,OUT035,3622.7534
NCP41,OUT046,1580.9524
FDY60,OUT018,1674.7942
FDN38,OUT017,3226.1382
FDO15,OUT046,1178.4373
FDT60,OUT013,2192.4836
FDA55,OUT035,4633.1274
FDE02,OUT010,272.4696
DRJ39,OUT049,2919.7307
FDV34,OUT035,1275.2423
FDS20,OUT027,5384.3364
FDF02,OUT027,2930.3672
FDW40,OUT017,2209.115
NCB43,OUT046,3045.3293
FDR58,OUT017,1503.4517
DRJ59,OUT035,745.52844
NCD30,OUT017,1754.272
FDE14,OUT017,1524.0271
FDC28,OUT018,1076.205
FDU16,OUT018,1240.8173
NCD19,OUT035,1091.3798
FDU21,OUT046,513.10626
FDV59,OUT027,5030.9136
FDU03,OUT045,4104.9697
FDC33,OUT010,834.14453
NCR42,OUT035,569.4518
DRH59,OUT035,1242.9753
NCM31,OUT035,2065.7324
FDS50,OUT035,3871.831
FDP39,OUT046,1000.39276
FDQ55,OUT013,2202.1958
FDV36,OUT019,358.77988
FDI05,OUT027,2633.0461
FDS45,OUT027,2897.8538
FDA39,OUT045,458.73645
FDC37,OUT010,251.67923
FDJ60,OUT027,4769.431
DRQ35,OUT046,1700.9247
NCJ06,OUT046,2216.992
NCY42,OUT018,2653.2356
DRM37,OUT049,3483.3748
FDR14,OUT045,596.9134
FDE51,OUT049,404.4841
FDT33,OUT017,2880.9905
FDR08,OUT013,2052.3555
FDE36,OUT010,458.0274
FDL22,OUT019,399.11285
FDR44,OUT013,2406.3142
FDI56,OUT019,292.86154
FDE47,OUT010,165.13976
FDV27,OUT010,283.3746
FDV10,OUT049,812.0558
FDC40,OUT045,1342.463
NCX41,OUT013,3431.8699
NCQ38,OUT027,2328.6392
FDV12,OUT027,3011.835
FDE52,OUT017,1413.8788
FDG20,OUT027,5165.274
FDV16,OUT027,1026.731
FDI32,OUT017,2063.8892
FDJ32,OUT049,867.26196
FDN39,OUT018,2102.055
FDY34,OUT017,3184.7034
FDC14,OUT035,556.2865
FDA55,OUT017,4824.871
FDZ50,OUT010,652.1874
DRG13,OUT049,2306.7693
FDP01,OUT013,1905.1726
NCG54,OUT017,3118.9814
FDM13,OUT045,1401.8263
NCO18,OUT027,4962.7812
NCW41,OUT013,2561.2026
FDM52,OUT027,3519.3674
NCF55,OUT035,1047.059
FDT09,OUT046,1947.6296
NCM19,OUT035,1997.4052
FDW12,OUT018,2008.5621
FDP15,OUT019,758.4778
FDK36,OUT045,649.6362
FDZ25,OUT035,2847.402
NCW06,OUT049,3317.5435
FDW60,OUT046,3509.501
DRC49,OUT013,2112.821
NCT17,OUT035,3310.6367
NCN06,OUT018,2445.5457
FDC45,OUT013,2535.3752
DRJ47,OUT019,567.40393
NCF06,OUT045,3304.439
FDE21,OUT010,360.97696
DRG27,OUT013,1003.6415
FDW40,OUT049,2265.2224
NCO53,OUT046,2800.6108
FDE23,OUT049,638.44995
FDQ16,OUT046,1626.5045
FDS26,OUT045,2986.6016
FDZ13,OUT010,110.816605
FDS14,OUT049,2187.7456
FDC10,OUT045,1493.2268
FDY16,OUT049,3891.38
FDJ20,OUT035,2040.9008
FDV43,OUT035,667.58875
FDZ32,OUT027,2363.414
FDR23,OUT046,2764.3398
FDN24,OUT035,664.7171
FDE34,OUT027,5697.389
FDU31,OUT013,3416.6064
FDW33,OUT018,1474.3447
FDU26,OUT046,1453.7024
FDE20,OUT027,5269.736
NCW05,OUT035,2092.778
FDB22,OUT018,2069.8442
FDO56,OUT046,1650.3068
FDA19,OUT027,3451.2642
DRI39,OUT045,799.39923
FDH52,OUT018,708.4899
FDZ50,OUT035,4217.073
NCN42,OUT035,2701.2087
FDB53,OUT013,2753.3242
DRG11,OUT017,1760.4203
DRK11,OUT027,3951.0437
FDQ60,OUT017,2359.498
FDT36,OUT017,560.51154
DRG25,OUT018,2908.7827
DRJ23,OUT046,3121.7908
FDG05,OUT035,2554.7915
NCK06,OUT018,2666.0312
FDU52,OUT017,2214.4932
FDW07,OUT018,1061.1868
NCM17,OUT045,879.5731
FDA22,OUT045,3324.6472
NCA41,OUT018,2754.331
FDF38,OUT035,726.1463
FDH52,OUT046,815.6104
FDY58,OUT019,737.47577
FDZ16,OUT045,3475.7808
NCM18,OUT017,998.7227
FDA22,OUT018,2263.5366
NCJ43,OUT035,2861.619
FDI34,OUT027,8232.812
FDG56,OUT046,1176.0686
FDS34,OUT046,1775.433
DRC01,OUT035,505.44202
FDQ04,OUT035,860.5959
FDK04,OUT035,983.9596
FDT51,OUT049,1213.5897
FDV26,OUT017,3352.1533
FDS04,OUT049,2047.4407
FDW43,OUT018,2717.0833
FDQ28,OUT010,376.3709
NCK06,OUT017,2272.5256
FDS23,OUT018,2146.896
FDZ36,OUT019,719.5847
FDE56,OUT018,599.04895
FDW10,OUT027,4889.379
NCN14,OUT045,2691.2832
NCQ18,OUT045,1573.594
FDW08,OUT017,1706.6
FDU43,OUT035,4003.029
FDR33,OUT010,292.36374
FDM24,OUT010,414.93094
NCZ05,OUT046,1520.3955
NCV41,OUT035,1812.74
FDV11,OUT018,2954.6045
NCY05,OUT035,730.94977
FDV44,OUT018,2267.4048
FDW32,OUT049,1269.4237
NCU18,OUT027,3441.266
NCC43,OUT035,4108.9414
FDW19,OUT013,1820.2267
FDN31,OUT035,3202.2495
FDI48,OUT045,660.68134
FDS24,OUT017,1228.0073
FDF46,OUT049,1749.3243
DRG23,OUT017,2034.7941
FDG14,OUT018,2724.0696
NCY30,OUT049,2917.1448
FDO28,OUT018,1967.145
DRD24,OUT035,2279.4905
FDI33,OUT049,1608.5343
FDN32,OUT046,3121.2896
FDR16,OUT045,4932.157
FDF26,OUT046,2238.5454
NCN29,OUT018,498.50906
FDE20,OUT045,3634.6687
FDA46,OUT046,3239.5574
FDU28,OUT045,3117.5066
FDQ48,OUT045,1541.1156
FDV36,OUT013,2522.0857
FDR14,OUT018,549.8814
FDP23,OUT017,3530.9517
FDP56,OUT013,592.2918
FDK48,OUT010,116.09595
FDR48,OUT046,2568.2583
NCY29,OUT049,863.00397
FDM22,OUT018,801.37964
DRJ01,OUT013,2631.7412
FDZ43,OUT045,3736.984
FDV03,OUT035,2464.578
FDX11,OUT027,4445.1084
NCA41,OUT027,4827.4316
FDE38,OUT017,2233.3943
FDI27,OUT018,647.6721
FDN32,OUT013,3592.6865
NCN43,OUT017,2268.886
FDB47,OUT027,4921.769
FDV03,OUT017,2594.888
NCN30,OUT045,1433.1628
NCV54,OUT010,181.61035
FDV07,OUT013,1448.198
FDP07,OUT049,2466.9973
FDK48,OUT018,1191.1519
FDM15,OUT019,598.9537
FDY19,OUT027,3226.915
FDK46,OUT046,4483.9976
FDY11,OUT045,747.0764
FDH09,OUT046,923.15295
FDO08,OUT027,4449.923
FDU14,OUT013,4206.019
FDD22,OUT027,3371.0227
FDM27,OUT017,2547.88
FDL02,OUT027,2817.8672
NCA17,OUT035,2690.08
FDE38,OUT019,702.74585
NCG07,OUT049,3199.718
DRC27,OUT013,3313.0613
FDA27,OUT035,2531.2708
FDW40,OUT045,2202.793
DRI11,OUT013,1626.7754
FDN50,OUT046,1669.9366
FDR12,OUT046,2689.8826
FDT34,OUT027,2864.0312
FDW11,OUT035,1112.8418
NCO30,OUT027,5207.051
FDZ34,OUT017,3882.4634
FDU45,OUT017,2293.421
NCD42,OUT035,732.2975
FDX25,OUT045,3107.0635
NCR29,OUT046,1428.8254
FDX43,OUT019,760.56976
FDB04,OUT010,272.19223
FDR49,OUT027,1444.8634
FDS39,OUT018,1854.5056
FDW58,OUT045,1063.0002
FDG22,OUT019,150.72337
FDG31,OUT017,901.2938
NCV53,OUT027,5917.057
DRJ37,OUT035,2795.5825
FDV07,OUT035,1623.3804
FDW52,OUT018,2755.341
FDT15,OUT045,3075.523
FDD02,OUT018,1692.9067
FDM16,OUT035,990.8141
NCE55,OUT046,2783.1863
FDB57,OUT018,2700.0203
FDQ04,OUT013,941.89856
FDQ47,OUT019,119.446686
FDY14,OUT019,738.3083
DRK37,OUT017,3886.9749
FDO25,OUT017,3636.5205
FDL57,OUT046,5220.8486
NCK29,OUT018,1698.018
FDK46,OUT027,6106.257
NCB43,OUT010,547.07495
DRE01,OUT027,7058.7334
FDC46,OUT018,3028.5815
FDQ23,OUT045,1611.4261
FDX38,OUT049,766.7863
FDG60,OUT018,3738.5168
FDW55,OUT017,3924.397
FDP39,OUT013,866.17816
FDB20,OUT018,916.979
FDV21,OUT017,2397.229
FDZ02,OUT013,1135.7058
FDP19,OUT027,3981.5364
FDA38,OUT035,3744.2346
FDH22,OUT045,1821.4453
DRM11,OUT045,3785.2712
FDO12,OUT027,2606.8367
FDT14,OUT049,2065.246
FDW34,OUT010,366.27142
FDG04,OUT027,4207.974
FDW59,OUT018,961.4825
FDR33,OUT018,1669.5919
FDP32,OUT013,2019.0942
FDL13,OUT027,6923.339
FDD22,OUT013,1881.0763
FDV40,OUT027,2075.436
NCD55,OUT046,541.5137
FDQ20,OUT010,-7.736709
FDD28,OUT045,798.786
FDC39,OUT045,3617.5269
NCR17,OUT049,2053.7507
DRO35,OUT018,1734.6882
FDF40,OUT049,3832.379
FDR31,OUT018,2589.223
NCQ41,OUT017,3602.9436
FDP38,OUT046,825.29034
NCU54,OUT027,6315.3467
FDG22,OUT018,483.73
DRK59,OUT013,2808.861
FDC37,OUT046,1640.5073
NCO42,OUT013,2787.6184
NCT42,OUT017,2548.4324
FDX27,OUT035,1640.1057
FDV40,OUT018,1069.5054
FDT45,OUT027,1959.9647
FDS47,OUT019,292.45602
FDR45,OUT035,5840.142
FDB03,OUT045,3517.733
FDO49,OUT035,800.9608
FDU60,OUT027,4372.8643
FDB26,OUT018,393.45703
FDB46,OUT017,3321.0642
FDQ37,OUT019,725.7211
FDN03,OUT017,4735.804
NCX30,OUT045,4932.695
FDK32,OUT019,522.51624
DRM47,OUT013,2876.3389
NCO02,OUT046,1054.8151
FDP04,OUT013,955.23724
NCO43,OUT049,2102.121
FDD59,OUT013,1214.6798
FDQ10,OUT017,3236.338
FDW45,OUT035,3151.058
NCK30,OUT049,4539.617
FDU31,OUT018,2553.508
NCQ17,OUT019,439.73328
FDN01,OUT017,2616.8757
FDZ19,OUT049,3020.9207
DRG37,OUT017,2597.3965
FDE32,OUT045,283.73962
FDO34,OUT049,2789.1096
FDM04,OUT019,90.040474
FDZ25,OUT049,2906.9478
FDU08,OUT049,1571.0321
NCW30,OUT045,3323.021
NCM18,OUT013,1073.6051
FDS22,OUT035,1369.9279
NCH18,OUT017,3778.8547
FDC23,OUT013,3564.3904
FDY46,OUT013,3204.7896
NCU06,OUT046,4284.5566
FDX57,OUT045,1792.1843
FDX36,OUT027,5781.1636
FDL16,OUT045,992.5525
FDT16,OUT010,893.40094
FDN16,OUT018,1166.2908
FDC03,OUT046,3267.351
DRF60,OUT013,4935.7256
FDS27,OUT027,5042.743
FDP33,OUT010,821.85046
FDJ36,OUT018,1566.7556
NCR42,OUT013,327.44244
FDV14,OUT017,1349.1766
NCP42,OUT035,3357.7183
FDB50,OUT027,2344.5007
NCC30,OUT027,4471.146
FDA23,OUT018,1656.2915
FDW16,OUT017,1322.8308
FDQ52,OUT010,1571.39
FDB58,OUT049,2129.0085
NCP29,OUT049,1013.03
NCM05,OUT045,4214.682
FDO25,OUT013,2779.192
NCM54,OUT046,2367.3384
NCL54,OUT046,3420.3965
FDL39,OUT010,510.2808
FDF53,OUT018,3161.2078
NCQ42,OUT035,2141.7656
FDF58,OUT013,845.5939
FDZ04,OUT035,1136.4702
FDE26,OUT019,346.93655
FDS60,OUT017,1685.3496
FDV58,OUT017,2802.9841
FDM04,OUT045,814.1825
FDE08,OUT035,2628.443
NCB43,OUT049,3063.7024
FDU11,OUT010,282.06693
FDF22,OUT019,497.63297
FDE24,OUT013,2242.5442
DRJ49,OUT046,2193.1292
NCQ53,OUT035,5038.274
NCL41,OUT013,883.9602
FDR22,OUT013,2362.2576
FDH04,OUT035,1440.1411
DRH15,OUT045,603.58344
FDY40,OUT049,880.6062
NCI17,OUT035,1581.5251
NCC18,OUT013,3212.8276
FDY28,OUT027,5365.3037
FDB45,OUT027,2625.1956
NCL30,OUT018,1913.4835
FDM10,OUT017,3581.8342
FDH22,OUT027,3096.0251
NCZ53,OUT017,3334.4663
NCI18,OUT013,3471.0298
FDH14,OUT027,3541.443
FDR36,OUT027,973.9687
FDW01,OUT045,2350.642
FDK02,OUT027,2711.3855
FDJ02,OUT018,1816.3157
FDU55,OUT013,6478.435
NCV18,OUT027,2870.1985
FDH14,OUT018,1756.2708
FDZ37,OUT045,1117.784
FDX49,OUT049,3657.319
NCD43,OUT046,1478.1803
FDZ07,OUT013,830.75616
FDK43,OUT035,2464.6665
FDR32,OUT018,2794.1191
FDT39,OUT013,1919.3561
NCV54,OUT017,1980.6335
FDF38,OUT018,493.63037
FDV60,OUT046,3692.6182
FDH44,OUT027,4433.2505
FDS21,OUT046,816.33624
NCL41,OUT045,711.52893
FDM46,OUT017,1358.0372
FDU27,OUT045,684.08325
NCJ54,OUT017,3695.5117
DRG51,OUT018,2480.365
NCA29,OUT019,585.0373
FDR47,OUT045,2961.2354
NCL19,OUT027,2887.2095
DRG01,OUT049,1312.0571
FDG10,OUT046,685.64496
NCV05,OUT049,2370.525
NCH18,OUT019,763.86664
FDV14,OUT018,1156.6893
DRJ23,OUT035,3502.521
DRJ11,OUT046,3141.9097
FDZ03,OUT017,3606.6597
FDI27,OUT010,38.076977
FDJ14,OUT018,1432.2067
FDU32,OUT017,2057.605
FDD47,OUT027,4061.1426
DRF36,OUT035,3458.4705
FDM21,OUT046,4996.7783
FDV10,OUT018,443.09534
FDH60,OUT018,2869.4463
FDX47,OUT010,243.9337
FDT19,OUT019,430.3687
FDO11,OUT045,5614.2734
FDH24,OUT027,4387.6514
FDL02,OUT018,1383.2301
FDB02,OUT049,2392.2852
FDA43,OUT046,3385.352
FDG52,OUT045,843.2096
DRC12,OUT013,3432.1836
FDY37,OUT018,1641.1226
NCU18,OUT045,1888.0197
FDU09,OUT035,1173.5422
DRJ25,OUT027,930.25085
DRE12,OUT018,2023.1421
DRL47,OUT017,2236.1836
DRK01,OUT046,1860.8986
FDC22,OUT019,556.91284
FDG44,OUT013,1058.4504
FDW04,OUT035,2146.335
FDK09,OUT049,4169.151
NCN43,OUT035,2341.4985
FDG04,OUT049,3168.516
FDH32,OUT010,313.96054
DRI47,OUT017,2632.3442
DRE15,OUT013,1034.6168
FDY11,OUT035,961.58044
FDO60,OUT049,492.79483
FDQ20,OUT018,373.90085
FDO57,OUT027,3365.6313
FDT14,OUT019,328.37305
FDA57,OUT049,769.58923
DRN35,OUT017,693.7366
FDJ03,OUT046,777.9737
FDX28,OUT017,1826.1544
DRE25,OUT045,1512.5078
FDR09,OUT046,4599.438
FDB23,OUT035,3781.079
FDO08,OUT045,2601.0745
FDQ23,OUT049,1893.2457
FDW04,OUT013,1901.4926
DRK13,OUT010,650.4788
NCL17,OUT027,3335.0208
FDY21,OUT035,3533.9036
FDJ38,OUT027,3858.9314
FDA37,OUT019,335.1865
FDV43,OUT013,656.3237
FDL36,OUT046,1198.3599
FDD53,OUT045,560.3467
FDZ19,OUT010,288.1624
FDV21,OUT045,2121.401
NCL54,OUT018,3593.3225
DRI47,OUT027,3816.816
DRG03,OUT049,2765.8577
FDG21,OUT013,2930.172
FDW03,OUT018,1774.4448
NCI55,OUT046,2432.504
DRC36,OUT019,451.40637
FDH22,OUT017,1541.0406
FDV20,OUT045,2545.786
NCU41,OUT027,4782.215
FDN46,OUT027,2362.5613
FDK50,OUT045,2692.035
NCA05,OUT027,3992.4392
DRH01,OUT018,3249.486
FDT08,OUT018,2178.1543
FDM08,OUT018,3253.6924
FDZ07,OUT035,920.21246
FDS22,OUT017,1098.6116
FDV35,OUT027,4509.5786
FDI28,OUT010,195.62431
FDW58,OUT027,2356.2537
FDT52,OUT045,4113.9756
FDY34,OUT046,2408.4905
FDR10,OUT046,2587.9478
FDK57,OUT017,2040.6193
FDR02,OUT027,2798.9429
FDX49,OUT046,3536.3093
FDQ20,OUT046,621.5651
DRK23,OUT045,4390.7197
NCW06,OUT046,2798.0623
FDR31,OUT017,2669.0327
NCE43,OUT013,3397.255
DRO59,OUT027,2411.0593
FDN09,OUT049,4462.1753
FDR11,OUT046,2950.9075
FDO57,OUT013,3038.815
NCX18,OUT017,3674.577
FDB05,OUT018,3433.7134
FDQ08,OUT018,418.17383
NCG43,OUT035,1636.9788
FDJ56,OUT013,1751.1846
FDA13,OUT010,52.0897
FDO56,OUT017,1873.9807
FDB37,OUT018,3944.547
FDZ02,OUT018,1238.5388
FDQ24,OUT046,4273.336
FDM16,OUT013,601.8298
FDU35,OUT049,1843.8728
FDT35,OUT035,2842.521
NCX30,OUT049,5381.2534
FDG04,OUT017,3025.7217
FDI12,OUT035,1284.0953
FDE35,OUT035,1056.8586
NCP14,OUT027,2604.0693
NCY53,OUT045,1941.2275
FDP49,OUT017,871.3221
FDQ04,OUT017,729.99396
FDM39,OUT035,2522.4014
FDO58,OUT019,620.75275
FDC56,OUT017,2591.9192
NCQ54,OUT046,3187.481
FDV10,OUT027,1112.6462
NCK17,OUT046,445.57846
NCF55,OUT027,1139.9558
FDV33,OUT013,4105.286
NCH29,OUT019,462.3419
FDA37,OUT027,3443.6265
FDH46,OUT018,1392.8401
FDS25,OUT035,1829.4711
FDH04,OUT027,2618.7578
FDX52,OUT046,2802.3557
NCD42,OUT017,576.20123
FDW47,OUT017,2408.3013
FDL25,OUT027,3043.8804
NCJ06,OUT010,171.9552
FDY09,OUT013,3124.8945
FDS40,OUT046,644.2639
FDH41,OUT017,2805.27
FDG38,OUT035,1693.7725
FDU03,OUT027,4785.2095
FDV20,OUT046,2561.2654
DRB13,OUT045,2820.8672
NCQ30,OUT013,1758.4413
NCH06,OUT013,4023.2573
FDU50,OUT018,1780.9922
NCO42,OUT019,491.91922
FDW09,OUT018,744.75085
FDH04,OUT013,1449.2094
FDC21,OUT045,1319.4235
FDL21,OUT049,667.6348
FDM46,OUT010,201.4892
FDT22,OUT019,246.17912
FDB28,OUT035,2885.1938
FDI12,OUT018,1588.7825
FDA28,OUT045,2154.4084
FDF59,OUT013,1970.6453
FDM45,OUT027,3345.9197
FDQ56,OUT017,1432.9596
FDR46,OUT049,2277.2239
FDT01,OUT013,2377.3794
FDD16,OUT027,2342.1548
NCU30,OUT010,374.66354
FDM40,OUT010,425.84045
FDI56,OUT035,1511.077
NCS30,OUT013,2369.6467
FDU08,OUT017,1884.4799
FDX51,OUT027,5562.9546
FDA43,OUT045,2569.0945
FDX59,OUT010,-57.206154
FDC37,OUT018,1216.7971
FDP58,OUT013,2543.2124
NCY42,OUT035,2013.4894
FDF21,OUT018,2904.3506
FDU10,OUT027,1136.8783
DRL47,OUT018,1952.7058
FDA58,OUT018,2651.989
FDJ22,OUT049,2746.214
FDK50,OUT046,2419.291
FDO38,OUT035,1267.6549
DRF60,OUT035,4470.604
NCZ42,OUT019,554.18823
FDD35,OUT049,2285.812
FDL25,OUT045,1175.6658
FDJ16,OUT013,1181.122
DRK59,OUT049,3232.2944
FDI50,OUT046,4294.97
NCB19,OUT045,1559.0791
DRI37,OUT035,940.0883
FDA14,OUT027,3007.9604
FDC08,OUT018,3246.5657
FDS45,OUT046,2377.4294
FDI21,OUT049,908.7126
DRJ47,OUT035,2940.7227
DRE37,OUT027,4013.2615
FDT55,OUT018,2371.558
NCG42,OUT027,3827.5566
FDA31,OUT049,2998.1787
NCW42,OUT046,2566.3643
FDF50,OUT017,3359.7468
FDK56,OUT049,4318.311
FDX10,OUT035,263.77255
NCK07,OUT027,3895.017
FDZ49,OUT017,3566.4414
FDR33,OUT013,1446.6011
FDO44,OUT018,1367.6776
FDA20,OUT046,3764.395
NCL30,OUT045,2004.7622
FDI05,OUT019,195.98006
FDQ12,OUT018,2662.335
FDH47,OUT017,1456.6862
FDH34,OUT018,2724.5723
FDF29,OUT046,1955.3085
FDG40,OUT018,673.86053
NCE18,OUT017,5278.8594
FDP21,OUT010,446.5117
FDY50,OUT013,1628.6359
FDB36,OUT049,2505.99
NCZ29,OUT049,2152.4106
FDU20,OUT018,1619.1355
FDO56,OUT013,1588.7281
FDW31,OUT049,3115.2544
DRH59,OUT013,987.39154
NCB30,OUT017,3083.2249
FDK43,OUT027,3359.6943
FDW43,OUT045,3987.9302
NCL19,OUT017,1999.844
FDJ27,OUT046,1442.7731
FDC45,OUT046,2334.665
FDY40,OUT035,597.7163
NCM41,OUT035,1409.956
NCK18,OUT019,853.40967
FDP37,OUT049,2120.546
FDA27,OUT027,6235.5454
NCX30,OUT035,4654.2983
FDR09,OUT017,5043.576
FDG08,OUT027,4634.7495
NCU30,OUT013,2031.0762
FDB16,OUT017,1253.0403
FDM16,OUT017,937.85394
FDC48,OUT013,1202.0063
NCF18,OUT046,2813.0647
FDU46,OUT018,1220.6395
FDH41,OUT018,2364.042
NCN42,OUT010,332.83813
FDU49,OUT046,1971.0751
FDB20,OUT027,2465.9907
FDG50,OUT019,349.80978
FDW20,OUT045,1605.2974
NCO55,OUT049,2243.9714
FDX48,OUT046,1956.9745
FDU48,OUT046,1925.127
FDR48,OUT019,435.18323
FDK27,OUT013,2014.0154
FDT35,OUT013,3017.971
FDN12,OUT049,1724.3162
NCE31,OUT019,130.52203
FDL21,OUT017,812.5483
FDV56,OUT017,1714.8267
FDR16,OUT017,3559.614
NCP41,OUT049,1650.2614
FDJ27,OUT013,1663.0464
FDA07,OUT017,2093.6863
FDK55,OUT049,1545.3375
FDM33,OUT049,4329.3306
FDY46,OUT046,2935.6316
FDD36,OUT046,2201.566
FDB12,OUT027,3093.9714
FDF28,OUT019,315.10696
NCE07,OUT019,393.7004
FDW50,OUT027,3679.081
NCW18,OUT017,4329.336
NCJ17,OUT019,295.8408
DRZ24,OUT010,504.29034
FDS07,OUT035,2034.0297
NCW05,OUT010,475.9776
FDZ22,OUT018,1212.3635
FDK02,OUT046,2238.6548
FDZ45,OUT027,4402.4673
FDL25,OUT046,1386.3549
FDS08,OUT045,2223.4526
NCZ42,OUT027,8602.969
FDX57,OUT035,1662.2711
FDF21,OUT046,3855.0808
FDJ56,OUT018,1322.5255
FDX10,OUT013,499.95175
DRG48,OUT035,2033.9005
DRN37,OUT046,2093.9211
NCY41,OUT018,272.17963
FDN28,OUT045,1298.9264
FDE34,OUT045,2901.8096
FDR10,OUT045,2879.7825
FDC32,OUT017,1252.5726
DRG13,OUT046,2214.5874
FDP59,OUT049,1191.984
NCT53,OUT010,283.89572
FDL57,OUT027,6775.971
FDN32,OUT010,641.30426
FDK09,OUT018,3181.0415
FDA52,OUT010,209.21901
FDC57,OUT049,2531.3809
FDI09,OUT035,4721.0166
NCB07,OUT046,2543.1426
FDP26,OUT035,1705.0728
FDP40,OUT027,3354.6675
FDL15,OUT013,2460.6829
FDV07,OUT046,1715.4728
FDS03,OUT017,1178.7819
FDE50,OUT049,3783.948
FDQ15,OUT017,1160.1873
FDQ33,OUT010,580.0091
FDT22,OUT013,1073.3616
DRO35,OUT035,2205.2832
FDJ41,OUT049,5188.3516
FDQ27,OUT035,2168.5105
FDC26,OUT017,2078.2585
NCF43,OUT027,3493.3262
NCR50,OUT035,2989.7363
FDE39,OUT018,1745.6549
FDN49,OUT027,1132.7158
DRG11,OUT035,1870.4644
NCA18,OUT049,1865.1428
FDM36,OUT018,2652.3813
FDW32,OUT017,1356.7528
NCQ18,OUT010,215.1173
FDX14,OUT027,2368.0876
FDD46,OUT017,1733.502
FDI34,OUT019,632.5372
NCJ17,OUT035,1532.7452
FDB52,OUT035,2935.3838
FDV55,OUT018,1801.4417
FDC57,OUT046,3283.9417
FDB29,OUT046,1944.4077
NCO43,OUT035,2013.5245
FDG44,OUT045,958.50757
FDJ34,OUT045,1606.1576
FDH40,OUT049,1421.4792
NCD07,OUT027,3646.569
FDB41,OUT017,1006.8757
FDH47,OUT018,1499.7903
DRK37,OUT035,3401.5806
FDM25,OUT019,530.95105
NCX06,OUT045,3046.062
NCS05,OUT017,2472.5576
FDS39,OUT045,2248.1824
FDC47,OUT027,7297.132
FDG20,OUT013,2995.3665
DRL23,OUT017,1737.5686
FDY33,OUT013,3165.042
NCH18,OUT045,3219.8823
FDX47,OUT035,2374.743
NCB06,OUT045,2849.766
FDP36,OUT049,772.84265
FDW44,OUT018,2520.453
NCU41,OUT018,2451.9263
NCS17,OUT046,1442.8557
FDD46,OUT035,1613.5125
FDE45,OUT017,3154.5876
FDI09,OUT017,3576.7747
NCJ54,OUT010,291.70605
NCA29,OUT018,2702.3762
NCN41,OUT027,3554.457
FDY34,OUT035,2814.5354
NCG55,OUT035,2052.7837
DRM49,OUT046,581.2241
NCB42,OUT049,1882.0175
FDE58,OUT045,1881.4324
DRJ25,OUT013,738.38446
FDS47,OUT010,204.66379
FDY21,OUT049,3364.653
NCI54,OUT013,2055.477
FDO24,OUT017,2652.4392
FDY43,OUT035,2693.0745
FDF35,OUT018,1115.7126
NCP29,OUT019,257.33096
FDN28,OUT027,2628.1082
FDJ50,OUT018,634.18097
FDQ14,OUT027,3394.9111
FDC37,OUT035,1622.6266
FDN08,OUT046,1911.4053
FDD04,OUT035,2168.337
FDW34,OUT018,2747.1277
FDP04,OUT017,966.6347
NCG07,OUT017,3213.175
NCN14,OUT018,2411.9705
FDJ16,OUT045,912.06854
NCM42,OUT045,1638.7838
NCF19,OUT046,646.2403
FDY21,OUT018,3502.3457
FDY19,OUT035,2136.5327
FDV09,OUT045,2823.5725
FDA28,OUT013,2857.1821
FDC38,OUT018,1679.0981
FDL28,OUT045,3800.276
NCH43,OUT049,3556.9348
NCN53,OUT045,561.5424
NCW05,OUT017,1826.2533
NCO30,OUT018,2294.467
FDT04,OUT019,93.58006
FDB27,OUT018,2920.455
NCK07,OUT013,3026.7935
NCA53,OUT013,1013.3739
FDB33,OUT018,2713.3945
FDU37,OUT017,1750.8542
FDR13,OUT035,1827.9594
FDE45,OUT049,2717.5903
FDV37,OUT017,3266.6318
FDX44,OUT019,324.10983
NCL06,OUT017,4788.2188
FDJ28,OUT045,2916.7683
FDX55,OUT049,3618.5618
NCK17,OUT018,524.3709
FDH52,OUT035,1100.7994
FDN13,OUT027,2928.7898
FDK44,OUT018,1820.0544
FDU16,OUT046,1523.5176
FDZ07,OUT017,1127.0209
NCN06,OUT027,4566.2266
FDH02,OUT010,-73.79956
NCW18,OUT045,3332.2544
FDH57,OUT013,2339.7166
FDV35,OUT045,2677.765
NCU29,OUT013,2533.6687
NCP02,OUT046,1027.8071
FDN44,OUT013,2568.4124
FDX03,OUT018,366.37292
FDR11,OUT010,513.2462
FDA36,OUT046,3884.4563
FDP58,OUT027,5255.9917
FDH31,OUT045,1320.9761
FDH34,OUT035,3334.027
FDS13,OUT035,4211.233
FDT01,OUT018,3676.0847
FDY09,OUT049,2230.4893
FDV33,OUT027,5379.4336
NCW29,OUT010,329.64514
NCN17,OUT045,1493.1382
FDX01,OUT046,1833.3962
FDL03,OUT049,3197.4011
DRL59,OUT049,1001.6762
DRM11,OUT027,6479.6655
FDA43,OUT049,2908.112
FDZ56,OUT010,354.63797
FDI44,OUT018,1028.9338
FDB50,OUT013,1411.6163
FDU15,OUT019,82.07621
NCJ19,OUT019,183.9628
FDD48,OUT013,2033.5576
NCW42,OUT035,3641.2512
FDL24,OUT017,2716.661
NCB30,OUT013,2727.1597
FDK25,OUT013,3207.2612
FDW28,OUT049,3088.8926
FDD47,OUT017,3643.851
FDK16,OUT019,262.42178
FDW37,OUT046,1463.9989
FDA48,OUT035,3515.727
FDA14,OUT017,2753.8914
FDV15,OUT013,2159.5103
FDN22,OUT049,3546.1047
NCD55,OUT045,684.40015
FDY43,OUT013,3141.9998
NCU05,OUT017,1424.8215
FDF10,OUT035,2646.8079
FDR39,OUT018,2872.571
FDG40,OUT013,719.23663
FDZ28,OUT019,249.3758
FDE02,OUT045,1438.7955
FDU60,OUT049,3719.1038
FDM21,OUT013,3083.3604
FDV52,OUT019,435.1326
NCW06,OUT013,2905.4033
FDX36,OUT035,3762.6047
FDT35,OUT027,4730.403
NCL19,OUT010,267.81406
NCD31,OUT046,2529.965
FDE53,OUT019,338.81003
FDW58,OUT019,160.58833
DRF48,OUT046,2707.6667
FDW57,OUT035,2565.379
DRH13,OUT017,1536.7012
FDT33,OUT013,2845.6514
DRK47,OUT027,5086.356
FDY22,OUT010,367.79895
FDC35,OUT019,667.2326
FDO03,OUT013,4976.922
FDF24,OUT045,1226.215
FDF56,OUT018,3360.8176
FDD28,OUT013,670.419
FDG53,OUT027,3313.379
FDO27,OUT019,336.4223
NCF54,OUT018,2823.7285
FDC20,OUT027,1974.6636
FDU10,OUT046,428.78802
DRA24,OUT018,2356.2468
FDA02,OUT010,293.28094
FDG10,OUT017,698.09515
FDW39,OUT010,639.9829
FDP04,OUT019,91.63495
NCM55,OUT013,3301.42
FDG47,OUT045,4639.4805
NCU41,OUT017,3072.2004
NCK31,OUT017,686.93066
FDZ46,OUT045,1553.0117
FDU13,OUT027,3450.0093
NCF19,OUT045,674.6971
NCJ43,OUT013,2598.1013
NCJ05,OUT045,2288.7332
FDS04,OUT027,3031.047
FDX28,OUT010,142.65302
FDB41,OUT027,1457.693
FDG53,OUT046,1839.9232
FDL15,OUT010,452.34302
FDQ08,OUT049,938.50824
DRN36,OUT013,1666.5038
FDI46,OUT013,4307.6235
FDG16,OUT027,5542.701
FDV32,OUT013,885.4912
FDF44,OUT010,345.9734
FDK04,OUT018,734.9702
NCA41,OUT013,2844.8364
FDD51,OUT017,686.3788
NCZ53,OUT045,3263.7202
FDP01,OUT027,3481.6248
FDY25,OUT049,3464.27
FDB17,OUT018,2754.8586
NCV54,OUT018,1712.9916
FDJ32,OUT017,820.2201
FDA37,OUT049,1601.9819
FDG35,OUT035,3333.4812
NCM05,OUT018,5371.095
FDG45,OUT046,3578.9778
FDH28,OUT013,748.47455
NCE18,OUT049,3901.4058
FDH38,OUT045,1960.3441
FDR56,OUT013,2924.9133
FDH17,OUT027,2671.699
FDD39,OUT049,3002.3723
FDB41,OUT049,708.7381
NCR53,OUT046,3901.489
FDX46,OUT017,853.85345
FDV28,OUT049,754.88226
FDA08,OUT018,2280.5408
FDH45,OUT017,774.74396
NCS38,OUT010,338.15497
FDD40,OUT010,358.20197
DRM59,OUT035,1862.6084
NCJ43,OUT018,3342.4478
NCN29,OUT013,779.5557
NCC19,OUT045,3173.9285
FDR56,OUT035,3361.7886
FDZ43,OUT049,3956.8823
FDJ32,OUT010,111.17064
DRH03,OUT017,1313.8094
NCZ54,OUT035,2953.1106
FDE26,OUT017,2761.9949
FDS03,OUT045,1380.1508
DRZ24,OUT019,470.75095
FDO48,OUT027,4947.653
FDW39,OUT049,2656.1328
NCK05,OUT049,879.03436
NCK30,OUT017,4056.6777
FDT27,OUT018,2070.7798
FDS08,OUT019,302.92914
NCJ19,OUT049,781.395
FDC58,OUT045,755.2627
DRE37,OUT013,3083.266
FDW02,OUT035,2573.383
FDJ02,OUT010,340.84766
FDX09,OUT045,3153.9612
FDT31,OUT010,292.55423
FDI24,OUT049,3755.3533
FDY09,OUT045,3184.675
FDV28,OUT045,527.009
DRM47,OUT049,3742.09
FDT52,OUT019,290.90704
FDI48,OUT018,783.1179
FDY55,OUT017,5082.6997
FDU48,OUT013,1857.9846
FDN25,OUT045,746.63135
FDP20,OUT049,1924.5566
FDJ15,OUT013,4006.1277
FDD04,OUT018,1723.1545
FDY58,OUT045,3455.6726
FDR37,OUT018,3036.4424
FDF44,OUT013,2104.1528
FDD32,OUT045,1364.4357
FDR57,OUT017,1882.0767
DRG39,OUT027,2077.4805
FDX15,OUT017,2302.908
DRN37,OUT045,2414.5615
FDW40,OUT027,4163.2983
FDB32,OUT049,1574.3932
FDM40,OUT018,1998.6646
FDE39,OUT027,3143.755
DRH49,OUT017,1481.7308
FDT46,OUT049,1124.4553
NCF06,OUT035,3108.9744
FDP07,OUT017,3362.5286
FDC04,OUT013,4006.7517
FDZ32,OUT017,1384.7754
FDD50,OUT045,2903.8237
FDU56,OUT017,3457.54
FDV34,OUT017,1287.892
NCY41,OUT013,520.8053
NCK18,OUT046,2548.9475
DRH25,OUT049,846.2886
FDT57,OUT046,3090.3115
FDV56,OUT018,1226.1823
FDV12,OUT045,1882.8688
FDN52,OUT017,1541.867
FDX38,OUT035,713.5484
FDE47,OUT018,1839.5844
NCO07,OUT013,3498.9373
FDV09,OUT027,3642.1943
FDZ23,OUT019,704.785
DRH51,OUT018,1311.4033
NCY54,OUT045,2496.1787
DRG49,OUT013,5147.355
NCC19,OUT049,3646.3
NCV53,OUT045,5223.0796
FDZ47,OUT019,282.0721
NCO26,OUT018,1623.152
NCP02,OUT045,779.21436
NCW30,OUT018,3474.4192
NCN55,OUT046,4617.278
FDB20,OUT010,248.20888
DRL11,OUT013,2665.7715
DRD60,OUT045,3158.444
FDW14,OUT010,243.7391
FDL27,OUT010,112.23689
FDU09,OUT018,571.86847
DRH36,OUT027,2255.7505
FDP34,OUT027,3828.7146
FDE04,OUT017,3184.323
FDZ57,OUT027,3571.707
FDF02,OUT010,217.75635
FDG28,OUT045,3213.077
NCI31,OUT046,642.10297
FDT43,OUT013,562.1026
FDU20,OUT046,2273.483
FDD53,OUT013,611.0812
FDW15,OUT045,2430.6997
NCT53,OUT045,2812.9358
NCG55,OUT027,2951.1128
FDD48,OUT035,2130.2168
FDG47,OUT049,4688.6084
FDI21,OUT017,809.7204
FDT27,OUT017,4288.766
DRO35,OUT013,2317.5144
FDD33,OUT017,3937.5505
FDC04,OUT035,3629.42
FDY34,OUT013,2798.1023
DRJ49,OUT049,2403.1514
FDE05,OUT049,2493.4192
FDU31,OUT017,3598.7913
NCN19,OUT027,4396.9116
FDK56,OUT027,6549.181
FDK58,OUT017,1790.3334
NCJ42,OUT035,1595.4672
FDZ34,OUT027,5479.795
FDA52,OUT018,3088.117
NCR29,OUT013,668.2839
FDT48,OUT035,3078.5532
DRJ51,OUT019,412.8679
NCS54,OUT046,3158.7695
FDV01,OUT035,2561.6206
DRG51,OUT027,4012.918
NCG42,OUT013,2744.2832
FDA51,OUT049,1766.4705
FDV19,OUT010,642.8948
NCT18,OUT045,3059.059
NCS41,OUT045,3006.0066
FDO03,OUT046,3737.5208
FDL12,OUT010,85.78958
FDY37,OUT010,320.96707
FDI58,OUT049,1751.146
FDT28,OUT018,1688.6729
NCC42,OUT010,223.69003
FDO01,OUT017,1939.0214
FDJ02,OUT013,2097.7332
FDQ04,OUT018,635.6332
DRL47,OUT013,2217.7783
FDZ32,OUT035,1470.9656
FDC35,OUT035,3464.7332
FDX14,OUT045,1035.4211
FDZ35,OUT013,1562.4805
FDL14,OUT013,1764.5013
FDO04,OUT049,932.4688
DRK11,OUT017,2247.3826
FDB44,OUT018,3568.0037
FDZ50,OUT049,3939.4006
FDI12,OUT027,2746.8904
FDU43,OUT017,4166.208
FDD58,OUT010,238.74753
FDB27,OUT017,3302.8809
FDB04,OUT018,1073.6781
NCO17,OUT013,2231.5017
FDL12,OUT017,781.952
DRJ13,OUT049,2746.4124
FDD57,OUT045,1651.4806
FDW19,OUT035,1635.2493
DRD27,OUT018,1237.2716
FDH27,OUT027,3486.256
NCW30,OUT027,7665.1484
FDR40,OUT018,1322.0856
FDG05,OUT013,2036.8018
NCY41,OUT019,122.91092
FDI38,OUT018,4090.9087
FDR20,OUT046,669.0165
FDE09,OUT017,1733.0928
FDN50,OUT019,408.68512
DRF27,OUT045,2640.5933
DRF51,OUT013,747.37616
NCO02,OUT019,346.58356
FDB51,OUT027,1562.0706
FDJ50,OUT013,399.47842
FDN52,OUT013,1392.5922
FDX14,OUT013,1324.8558
FDT27,OUT019,355.18668
FDV10,OUT013,456.30753
FDU33,OUT046,889.0915
FDU58,OUT046,3642.1902
NCP42,OUT027,4949.821
FDL51,OUT027,4972.371
DRH15,OUT027,691.7739
FDU16,OUT017,1512.7526
FDW15,OUT017,2648.087
FDQ44,OUT045,2226.0908
NCI06,OUT027,4777.2075
DRK23,OUT019,413.2759
FDC28,OUT035,1721.0121
NCY17,OUT019,95.066376
NCV05,OUT018,2266.9746
FDM34,OUT019,405.84677
DRD60,OUT027,6809.09
FDT38,OUT046,1289.1985
FDQ57,OUT018,2451.7368
FDE59,OUT027,1009.68933
NCM43,OUT046,2346.377
DRI51,OUT049,2896.2024
NCG30,OUT017,1821.0574
NCK54,OUT035,2298.0076
FDQ16,OUT019,285.9628
FDI36,OUT013,2371.1453
FDX16,OUT027,3565.642
FDA34,OUT046,2320.699
FDJ48,OUT018,3602.762
FDU47,OUT035,1988.2698
FDS39,OUT046,2531.6714
FDD11,OUT046,2743.1228
FDM16,OUT027,2063.171
FDU56,OUT018,2671.7886
FDQ32,OUT017,2351.1287
DRK35,OUT013,723.4578
FDA58,OUT049,3908.6003
DRG48,OUT019,398.3518
FDT59,OUT010,477.60092
FDQ31,OUT019,256.51074
FDS51,OUT018,776.418
FDW32,OUT027,2546.6309
FDI15,OUT027,3829.2542
NCV30,OUT017,887.1122
DRG25,OUT049,3952.9434
FDT02,OUT013,576.5348
FDO33,OUT027,3487.1858
FDP38,OUT035,607.7912
FDZ45,OUT035,3723.157
NCA54,OUT027,4894.1797
FDU33,OUT017,768.5645
FDN58,OUT017,4746.8154
FDI05,OUT045,1088.8712
FDM57,OUT019,322.3658
NCS42,OUT027,2672.2048
FDB57,OUT045,3112.4478
FDC03,OUT045,2906.0955
FDZ58,OUT013,2381.4275
NCK29,OUT045,2360.019
NCR53,OUT045,4858.24
FDE26,OUT027,4470.414
FDU52,OUT049,2003.4218
FDE41,OUT027,2043.5015
FDU38,OUT018,2921.8335
FDA52,OUT017,2876.0671
FDW46,OUT046,1174.92
DRI59,OUT035,3100.7922
FDT38,OUT035,1133.7179
FDL33,OUT018,2760.0845
FDQ01,OUT027,6495.9053
FDJ08,OUT046,2988.188
FDQ47,OUT049,616.9109
NCZ18,OUT013,5745.771
FDE29,OUT017,824.7893
FDF10,OUT027,2810.4504
FDC48,OUT049,1313.4822
FDY58,OUT013,4379.5576
NCX30,OUT010,931.93555
FDV11,OUT013,3247.6794
FDT46,OUT046,955.4703
DRD01,OUT019,157.72227
FDQ11,OUT013,2835.0427
NCM41,OUT017,1572.3972
NCC55,OUT013,475.222
FDG45,OUT027,5916.2866
NCQ54,OUT049,3746.8354
FDM34,OUT045,2071.3022
FDD17,OUT019,706.0054
FDN38,OUT027,6782.554
FDB53,OUT018,1994.635
NCL06,OUT035,4736.682
NCV18,OUT019,303.67746
FDX25,OUT013,3954.5168
FDB39,OUT046,670.3283
FDC33,OUT049,3215.7122
NCO14,OUT018,573.8103
FDA58,OUT027,5083.091
NCQ02,OUT017,3480.3987
NCR53,OUT017,3252.1667
FDN52,OUT046,1394.8749
FDG26,OUT046,3900.3584
FDE23,OUT027,1330.9589
DRI37,OUT013,965.8381
DRH37,OUT018,2497.2874
FDO01,OUT035,2360.357
FDK45,OUT049,1595.0164
FDP23,OUT049,4115.0737
FDM33,OUT035,3752.5317
FDD36,OUT017,2171.3015
FDL56,OUT017,1360.071
FDT27,OUT010,487.60367
FDG52,OUT017,688.8644
NCL42,OUT035,5052.2744
DRJ24,OUT046,3033.5022
FDV38,OUT046,768.0254
FDT35,OUT045,3309.477
FDY51,OUT045,3128.2732
FDC37,OUT017,1784.8444
NCP43,OUT013,2919.0273
FDO33,OUT045,1976.0826
FDW04,OUT018,1806.1803
NCC31,OUT046,1861.8866
FDK22,OUT049,3655.0002
FDJ50,OUT017,1023.7912
FDV13,OUT017,1502.0125
DRL60,OUT017,2183.467
FDW03,OUT017,1943.1329
FDY27,OUT035,2755.272
FDB39,OUT027,1729.3846
FDU59,OUT045,2538.3145
FDZ57,OUT049,1983.5764
FDO21,OUT049,3587.5308
FDS43,OUT018,2534.2434
FDU28,OUT010,610.2064
FDC51,OUT010,313.79654
FDW16,OUT010,165.76854
FDP32,OUT010,269.54865
FDB60,OUT019,222.94324
NCQ30,OUT046,1945.4468
FDD26,OUT049,3851.1833
FDI44,OUT045,1178.3687
DRH23,OUT046,1247.7227
FDO44,OUT046,1464.4597
FDG04,OUT046,3134.3699
FDM32,OUT027,2699.9756
FDM09,OUT013,2449.076
FDZ47,OUT013,1593.2319
FDM40,OUT027,3319.7869
FDY48,OUT017,1734.7422
NCM30,OUT045,790.26953
FDX36,OUT010,712.18634
DRF03,OUT017,637.0286
FDN51,OUT049,4741.2134
FDM57,OUT049,1263.1213
FDB35,OUT049,1762.392
FDY13,OUT027,2563.5334
FDA37,OUT017,2008.3954
NCX53,OUT017,2555.9546
FDD59,OUT018,789.1406
FDX10,OUT019,96.41957
FDC03,OUT018,2911.2065
FDW43,OUT035,3936.6738
FDW10,OUT046,3142.608
FDY14,OUT027,6227.8633
FDV43,OUT045,556.2172
FDO40,OUT013,2325.3713
FDP46,OUT027,2582.6995
NCE43,OUT019,529.35785
FDD05,OUT035,2194.6038
FDJ60,OUT010,501.2968
DRE27,OUT018,1243.8158
FDO11,OUT035,5660.4507
DRG11,OUT027,3049.592
FDK33,OUT010,697.508
DRM23,OUT045,2352.229
FDJ02,OUT027,4130.5615
NCZ05,OUT045,1460.6459
NCL30,OUT013,2147.1357
FDZ19,OUT018,2466.8977
FDM45,OUT049,2346.1592
FDO36,OUT046,3071.9263
NCK31,OUT045,763.3428
DRJ37,OUT045,2466.4126
FDP24,OUT018,1660.6532
FDF46,OUT013,1910.107
FDX46,OUT019,206.7763
NCL18,OUT045,2782.4822
FDJ26,OUT013,2092.8735
FDJ07,OUT045,1547.5449
FDY15,OUT013,2153.6555
DRG01,OUT045,1140.9559
FDF58,OUT045,905.80286
FDZ14,OUT019,285.35275
FDP31,OUT049,709.257
FDH45,OUT013,964.63007
FDA09,OUT010,635.3397
FDW31,OUT035,2932.8003
FDA57,OUT046,655.9736
NCE55,OUT035,3062.2703
FDC17,OUT019,584.2639
FDC59,OUT013,838.80225
FDA22,OUT013,2876.1323
FDK52,OUT035,3568.4482
NCM26,OUT046,2332.3066
NCT53,OUT035,2607.358
FDW45,OUT018,2659.7446
NCI18,OUT035,3160.3325
FDE38,OUT018,2637.496
FDF08,OUT019,355.51697
FDY58,OUT010,372.6952
FDF58,OUT019,207.2278
FDX39,OUT017,4710.9946
FDB44,OUT049,3521.1714
FDF28,OUT013,2582.0474
FDE39,OUT013,1861.569
FDT37,OUT018,2950.6724
FDZ45,OUT017,3797.2969
FDO40,OUT035,2753.6558
FDM57,OUT027,2299.3093
DRG36,OUT017,3428.8147
FDY36,OUT010,61.422447
DRL60,OUT027,3836.0574
FDS25,OUT019,355.32535
DRF49,OUT027,3466.9436
FDP16,OUT045,4468.03
FDS60,OUT049,1835.7996
FDU15,OUT027,1121.1945
FDK43,OUT046,2034.1028
FDN25,OUT046,702.9385
FDE53,OUT049,1661.9712
FDB22,OUT013,2554.2285
FDE39,OUT017,2285.3374
FDX35,OUT035,3946.4473
NCG54,OUT049,3485.0623
FDH27,OUT035,2377.2524
NCK42,OUT013,2848.0679
FDS25,OUT049,1755.6343
FDI10,OUT018,2511.6414
FDU35,OUT035,1801.8546
FDI04,OUT017,3406.069
DRK23,OUT035,4869.2197
FDB53,OUT019,432.09464
FDY02,OUT049,3979.818
FDM60,OUT035,517.3492
NCJ31,OUT010,528.5036
DRP35,OUT017,2424.312
NCQ30,OUT018,1718.133
DRL11,OUT010,533.36115
FDU01,OUT013,3440.836
FDR39,OUT035,3057.1619
FDO08,OUT046,2428.1387
FDC02,OUT045,5742.2246
NCZ29,OUT035,1975.1501
FDF29,OUT010,403.5592
FDZ23,OUT017,3344.0378
NCU53,OUT018,2492.4072
NCW30,OUT013,3774.5305
NCM26,OUT027,4399.4834
FDV50,OUT027,3286.639
FDW15,OUT049,2598.8042
FDI35,OUT027,6773.5645
FDO11,OUT017,5255.9146
FDN48,OUT046,1507.524
NCA17,OUT049,2079.7573
NCN54,OUT013,1094.6666
FDP22,OUT013,753.4611
NCB54,OUT035,2274.9521
FDD08,OUT045,418.83627
DRM48,OUT010,17.007168
FDG41,OUT027,2811.3887
FDE44,OUT027,1689.4851
FDE26,OUT035,2448.3977
NCS38,OUT013,1952.9407
NCJ54,OUT018,3686.7207
FDI40,OUT019,233.76506
FDN45,OUT018,3925.5972
FDU43,OUT046,3919.8154
FDI04,OUT010,587.2967
NCC07,OUT018,1185.1836
NCC07,OUT019,419.78476
NCD18,OUT045,4620.8057
FDU55,OUT035,5500.785
FDX59,OUT035,554.6474
FDR52,OUT049,3290.5444
NCP17,OUT013,755.75116
FDQ32,OUT045,2282.6125
NCT17,OUT049,3507.3804
FDO10,OUT049,953.62244
FDE32,OUT049,424.7581
FDN44,OUT045,2580.8545
FDH02,OUT035,1365.5449
FDK60,OUT013,1704.0085
FDS24,OUT019,333.76025
FDL03,OUT010,-89.05659
FDB46,OUT027,5357.148
FDO48,OUT049,4680.933
FDZ39,OUT049,1494.0907
FDT02,OUT027,1005.84717
FDC50,OUT013,1643.5491
FDP39,OUT035,1066.8374
DRG15,OUT018,881.1327
FDP10,OUT018,1682.5618
FDF53,OUT027,6036.2344
FDN34,OUT045,2744.5251
FDK02,OUT045,2235.1445
FDC23,OUT045,3875.077
FDJ10,OUT019,437.76987
FDE53,OUT035,1792.147
FDR25,OUT035,6106.9272
FDW50,OUT046,2223.5347
FDS09,OUT049,1093.2727
FDW49,OUT010,295.8963
FDU51,OUT046,2584.0564
FDF28,OUT018,1781.1788
NCY30,OUT018,2510.1758
FDD44,OUT045,4430.3145
FDX09,OUT017,3024.8655
NCF30,OUT013,2188.0571
FDZ50,OUT019,795.9767
FDW37,OUT013,1292.833
FDD11,OUT049,3520.4033
DRH39,OUT018,910.83484
FDA36,OUT049,3264.1028
NCG43,OUT049,1704.6299
FDF02,OUT035,1695.0536
FDP57,OUT027,2716.0752
NCE42,OUT017,4166.011
NCR38,OUT027,5430.678
FDP03,OUT019,488.3457
FDO51,OUT035,784.55225
NCQ42,OUT046,2017.8385
NCM41,OUT046,1276.7668
FDH48,OUT027,2267.142
DRF60,OUT046,3559.6624
FDJ27,OUT035,1531.6387
FDQ14,OUT013,1996.0408
FDN27,OUT017,1976.9635
NCQ02,OUT046,2669.9219
FDJ33,OUT049,2438.8853
FDP07,OUT027,5971.772
DRE01,OUT049,5134.132
FDU36,OUT045,1804.9647
FDL28,OUT017,3773.1958
NCX53,OUT046,2248.6106
FDZ39,OUT013,1574.8264
NCP42,OUT013,3113.0269
FDJ14,OUT035,1315.0393
FDK04,OUT049,829.05725
NCC19,OUT017,2601.4397
FDS09,OUT018,632.2579
FDZ02,OUT046,1508.4565
FDD35,OUT018,1591.5784
NCY42,OUT017,2565.8142
FDB05,OUT045,3269.0823
FDF20,OUT035,3489.454
NCO41,OUT018,1232.9058
FDC40,OUT027,1961.089
FDV58,OUT045,2659.3484
FDZ57,OUT045,1803.3798
DRM35,OUT046,2869.0437
DRN36,OUT018,1246.3682
FDQ13,OUT046,1468.4205
DRO35,OUT010,352.52087
NCD43,OUT035,1506.8219
FDA51,OUT018,1487.7915
NCX17,OUT027,6646.9307
NCZ17,OUT049,870.4196
FDR11,OUT027,3901.3557
FDW34,OUT049,4463.14
FDN50,OUT017,1539.3188
FDS09,OUT046,872.00867
FDS48,OUT018,1951.326
FDL44,OUT049,3074.5696
DRF48,OUT018,2059.4897
FDA14,OUT018,1590.181
NCD30,OUT049,1875.837
FDI16,OUT017,655.8757
NCG06,OUT035,3708.3152
DRZ24,OUT035,2505.572
NCS17,OUT045,1606.1675
FDB37,OUT045,3731.0413
FDE10,OUT035,1997.6003
FDC57,OUT045,2782.5369
FDM12,OUT018,2707.9307
FDE24,OUT049,1930.4451
FDW22,OUT045,3302.027
DRD01,OUT027,1472.2719
NCZ18,OUT027,6128.422
FDN49,OUT045,588.2619
FDR22,OUT035,2379.5583
FDV08,OUT019,54.92003
FDY39,OUT046,4231.7466
FDV36,OUT049,2520.1558
FDO60,OUT045,727.4846
FDU04,OUT027,3556.8867
FDR20,OUT027,1368.4534
FDW19,OUT019,304.26724
FDU40,OUT049,2453.001
FDK15,OUT045,1477.1515
DRF15,OUT035,2158.5754
FDQ25,OUT017,2771.043
FDI48,OUT019,123.443474
FDS49,OUT046,1479.446
FDV22,OUT046,2645.8757
NCV42,OUT046,1687.0452
FDX26,OUT046,2700.674
FDI33,OUT018,1329.1284
FDZ14,OUT049,2380.6985
FDG10,OUT013,582.80963
FDM38,OUT018,727.1919
FDG26,OUT027,5832.1616
FDH46,OUT035,1603.925
FDN13,OUT018,1054.2606
FDU57,OUT035,2500.0117
NCI06,OUT046,2734.461
FDM38,OUT045,943.28687
NCG42,OUT010,230.88948
FDL39,OUT045,2106.258
FDT31,OUT019,420.48492
FDV59,OUT013,3507.9622
FDB49,OUT035,1701.5375
FDD58,OUT049,1871.0358
DRN59,OUT046,682.775
FDX48,OUT049,1966.0477
FDQ11,OUT049,2566.0273
FDY12,OUT049,801.47876
FDQ11,OUT045,3196.621
DRI11,OUT017,1831.8956
FDY32,OUT027,4552.4316
FDS51,OUT045,944.761
FDR19,OUT010,407.5488
DRB13,OUT018,3007.5325
FDS21,OUT035,1155.8551
FDQ40,OUT045,2725.7869
NCE55,OUT013,2846.4956
FDX43,OUT027,3971.109
FDS12,OUT049,2340.743
DRK01,OUT027,2471.8423
FDN25,OUT017,734.367
FDB60,OUT046,3785.5586
FDQ13,OUT017,1661.4307
DRK13,OUT045,3545.2668
DRF25,OUT018,467.63116
NCD42,OUT019,137.84006
FDW25,OUT045,1878.1559
NCV29,OUT027,4859.26
NCK42,OUT035,2742.427
DRJ13,OUT027,4201.2563
DRD15,OUT017,2740.6821
FDM27,OUT045,2715.5588
FDZ50,OUT018,3095.5735
FDC04,OUT046,3023.2397
FDF50,OUT049,3008.1274
FDP15,OUT045,4465.383
FDK46,OUT035,4544.4585
FDZ56,OUT018,1968.2344
FDY60,OUT049,2247.2415
FDB10,OUT035,4005.6196
FDR57,OUT045,2476.5115
FDU58,OUT049,3441.4917
FDH02,OUT046,1390.6462
FDP48,OUT013,3573.1096
FDI46,OUT035,3706.8574
FDW56,OUT013,3562.1038
NCM19,OUT010,339.07672
FDS50,OUT027,5422.4653
FDK24,OUT013,1029.5452
FDO36,OUT017,3141.9048
FDK45,OUT027,3041.5454
NCL05,OUT045,697.38153
FDL32,OUT018,1554.1237
FDA28,OUT049,2151.5356
FDY36,OUT018,1047.5897
FDP32,OUT018,1869.7987
FDL50,OUT046,1700.6404
DRC24,OUT049,2362.8564
NCS18,OUT017,1871.52
FDD16,OUT017,1309.5552
NCV18,OUT013,2141.4048
FDX07,OUT046,2973.1484
NCZ05,OUT027,2753.6194
NCI31,OUT013,639.28656
FDK14,OUT049,1123.2487
NCR06,OUT045,786.7894
NCF54,OUT049,3384.5735
DRG23,OUT010,328.64847
FDD53,OUT046,457.4675
NCM31,OUT027,3537.8938
FDT16,OUT017,5059.559
FDR40,OUT035,1338.3643
DRG25,OUT017,4349.432
FDT10,OUT035,1369.4052
FDY32,OUT013,2948.5999
FDN50,OUT035,1694.4202
FDZ35,OUT019,307.63196
NCP54,OUT045,1945.3696
NCD07,OUT035,1746.972
FDS02,OUT018,4260.9673
DRN59,OUT018,346.04898
DRB24,OUT013,2395.411
FDP37,OUT027,3159.7092
DRB01,OUT018,2175.317
FDR47,OUT046,2880.012
NCM31,OUT010,522.21454
NCF06,OUT027,6555.8394
NCV17,OUT027,3424.3665
FDS10,OUT049,2150.8645
FDN52,OUT035,1395.8855
FDZ48,OUT013,2012.7638
FDJ48,OUT049,4321.1914
DRB13,OUT027,3768.613
FDV59,OUT017,3211.3333
FDL32,OUT035,1688.6483
FDZ12,OUT035,2460.9062
NCR06,OUT027,942.8367
FDP51,OUT017,2208.1357
FDY22,OUT013,2396.9297
FDZ38,OUT049,3886.3896
NCO54,OUT035,844.2855
FDR23,OUT035,2417.8025
FDM38,OUT049,779.0357
FDS25,OUT013,1840.4048
FDZ22,OUT013,1307.7512
FDZ20,OUT019,1146.4156
FDD45,OUT010,187.14111
FDN03,OUT049,3155.0747
NCW30,OUT046,2164.2983
FDY24,OUT027,1693.2708
FDJ26,OUT019,510.05643
FDM15,OUT049,2039.1042
NCW54,OUT027,2148.1
FDA23,OUT045,1814.1843
FDA39,OUT019,171.74644
FDZ12,OUT017,2808.7307
NCB42,OUT046,1977.4725
FDL16,OUT046,887.1674
FDO24,OUT019,558.3972
NCP42,OUT046,2778.063
FDR19,OUT018,2145.8228
DRL01,OUT045,4622.365
FDV37,OUT046,2136.5615
FDI41,OUT010,444.74448
FDF58,OUT049,1015.8495
NCF43,OUT018,1531.1122
FDN02,OUT049,3406.5747
NCP41,OUT035,1788.2125
NCY17,OUT027,1217.0835
FDL58,OUT027,4639.4463
NCA30,OUT027,6584.542
FDE46,OUT018,1678.7588
FDY38,OUT035,4373.058
NCH29,OUT027,2636.2478
FDO20,OUT045,4642.7847
FDP44,OUT018,1089.9155
FDM02,OUT027,2700.598
FDJ14,OUT027,2430.8582
FDH04,OUT010,308.5366
DRK23,OUT046,4645.859
NCW05,OUT046,2141.5916
FDF12,OUT049,2272.017
FDL51,OUT019,448.9181
FDN03,OUT018,3703.8525
DRJ37,OUT049,2506.314
FDM12,OUT019,400.72244
FDA16,OUT045,3074.8623
NCB07,OUT017,3432.8699
NCI17,OUT019,293.2555
FDR51,OUT046,2547.2092
FDJ55,OUT045,4198.673
NCZ17,OUT013,876.148
FDU25,OUT013,757.1103
NCG18,OUT045,1664.3882
DRM11,OUT017,3293.478
FDH16,OUT035,1466.7109
FDZ04,OUT018,764.4261
NCX53,OUT035,2229.2048
FDX38,OUT027,1536.6982
FDX09,OUT046,3004.7244
NCW05,OUT018,1662.2979
NCS41,OUT017,3492.4707
FDI26,OUT046,3267.1099
NCZ41,OUT027,3266.3003
NCK06,OUT046,1912.0999
FDX23,OUT027,2408.4297
NCA42,OUT046,2656.0317
FDC20,OUT049,897.0864
DRC49,OUT018,1581.2872
FDX01,OUT013,1545.0764
FDC08,OUT045,3892.5117
FDC02,OUT017,6521.367
FDK10,OUT045,2634.926
DRC24,OUT013,2838.4954
FDW16,OUT019,295.32272
NCU06,OUT018,3196.9749
DRA59,OUT045,2548.32
FDR24,OUT019,302.8514
DRL35,OUT018,313.8093
FDA49,OUT013,893.2565
NCC55,OUT046,525.98566
DRD24,OUT019,338.54532
NCE55,OUT049,3551.993
FDT33,OUT045,3500.2598
NCT53,OUT013,2170.2974
FDS26,OUT046,4128.5327
FDL22,OUT018,1512.5632
FDP44,OUT017,1779.6292
FDC52,OUT018,2311.9844
FDI53,OUT010,120.607994
FDZ23,OUT046,3325.804
NCT18,OUT013,3907.5217
FDR13,OUT046,1972.8232
FDB09,OUT010,194.68716
FDZ60,OUT013,1452.5719
FDB11,OUT046,4375.0366
FDC10,OUT018,1652.1025
FDW56,OUT035,4238.782
FDK14,OUT027,2444.8074
DRE27,OUT027,2739.9329
FDA38,OUT017,3748.7397
FDT11,OUT045,2332.2449
FDP15,OUT035,4466.189
FDV27,OUT035,1387.1177
FDS36,OUT027,2848.4487
FDY40,OUT027,1205.3776
NCF19,OUT049,797.0316
FDF53,OUT045,3387.6196
FDS14,OUT027,3757.3022
FDE56,OUT046,906.79114
FDZ19,OUT035,2394.8984
FDZ46,OUT013,1610.5598
FDR16,OUT046,4775.719
FDG29,OUT018,423.20325
NCE30,OUT017,3048.3396
FDZ40,OUT046,737.6746
FDG58,OUT018,2349.5374
DRH03,OUT013,1115.2976
FDZ47,OUT045,1354.1897
FDV04,OUT018,1852.665
FDZ10,OUT018,2120.9597
FDG46,OUT017,2021.9178
NCF07,OUT045,1523.0082
FDY44,OUT035,3256.9521
FDB21,OUT013,3732.262
FDS20,OUT035,3548.8394
FDS49,OUT049,1346.3588
FDX55,OUT027,4998.6377
NCQ02,OUT018,3255.4424
FDR25,OUT013,4923.3276
DRG39,OUT045,862.7269
FDB46,OUT046,3296.5698
NCC30,OUT018,2306.9436
FDE58,OUT035,2024.3091
FDC05,OUT019,672.41144
FDY15,OUT046,2286.572
FDG14,OUT046,2303.5789
FDL08,OUT049,3587.114
FDQ47,OUT013,675.31683
FDN12,OUT035,1464.9475
FDW10,OUT013,2778.3628
FDD02,OUT035,1896.4708
FDX35,OUT010,945.6367
FDT35,OUT046,3094.3389
DRN47,OUT019,584.395
FDB11,OUT010,715.95026
FDN20,OUT045,2877.46
FDB59,OUT035,2454.356
FDJ58,OUT045,3012.6914
FDU60,OUT046,3883.7192
FDS03,OUT049,1304.9657
FDU40,OUT019,570.5591
DRH15,OUT049,873.3313
FDD04,OUT027,3867.2434
FDQ01,OUT046,3806.9478
FDF28,OUT035,2124.5264
FDD22,OUT010,245.5934
FDY19,OUT046,1782.7506
FDN33,OUT035,1102.0917
FDV36,OUT035,2572.759
FDW01,OUT010,551.0914
FDJ28,OUT049,3415.5542
FDB17,OUT035,3052.9573
FDM40,OUT049,2023.4213
FDV46,OUT045,2342.5425
FDQ44,OUT049,2197.011
NCD42,OUT046,696.36115
DRH37,OUT046,2041.3021
FDR10,OUT018,2689.6318
NCD06,OUT027,1294.7292
FDI53,OUT046,2370.239
FDG16,OUT035,3153.0107
DRB25,OUT046,1681.917
FDY09,OUT046,2094.8037
FDX48,OUT045,2335.6194
FDC03,OUT010,599.73157
FDT47,OUT035,2334.5698
FDW44,OUT027,4334.922
FDT24,OUT017,1617.9373
FDT12,OUT019,1105.0615
NCS38,OUT035,2048.9082
FDO39,OUT035,3479.0435
FDA13,OUT046,553.4445
FDO48,OUT035,3620.03
DRJ01,OUT017,1613.7887
FDD53,OUT018,276.7579
NCT05,OUT049,4589.735
FDQ51,OUT045,993.7061
FDU60,OUT013,2835.2756
FDC59,OUT046,995.9567
FDP36,OUT035,578.8421
NCM19,OUT017,1876.3622
FDL16,OUT035,862.559
FDE50,OUT018,2802.3728
NCR18,OUT013,526.7967
NCD30,OUT035,1844.5238
FDH31,OUT013,1403.5366
FDD56,OUT019,585.61554
FDC47,OUT049,4021.9883
FDZ21,OUT045,1650.5435
FDM01,OUT049,1560.2067
FDF24,OUT013,1366.8049
FDW23,OUT017,558.8579
FDY52,OUT018,988.0232
DRH37,OUT027,3981.5017
DRO47,OUT027,3035.769
FDR25,OUT049,4866.513
FDQ24,OUT027,6068.983
DRJ51,OUT018,3275.299
NCU06,OUT035,3895.315
NCV18,OUT018,1382.3472
NCC06,OUT027,3389.916
FDZ01,OUT018,1412.7659
FDT14,OUT017,2380.5073
FDD11,OUT019,567.8477
FDN09,OUT017,4421.043
NCO18,OUT010,602.1408
FDZ50,OUT045,2885.5562
FDS44,OUT013,4487.6646
FDI36,OUT045,2439.9678
FDA26,OUT010,704.0857
NCY53,OUT049,1937.536
FDF32,OUT049,2957.794
FDF59,OUT010,275.09772
FDB20,OUT046,1179.69
DRH11,OUT035,1152.1246
FDT03,OUT049,2343.789
NCH06,OUT035,3697.476
FDR55,OUT049,3123.2158
FDI10,OUT035,2846.6143
FDZ12,OUT045,1991.2104
FDM12,OUT049,2621.8835
DRB25,OUT045,1477.0493
NCS41,OUT013,4080.1028
NCT53,OUT049,2547.4678
NCD55,OUT013,545.0663
FDY08,OUT049,2101.1663
NCP55,OUT049,1194.2625
FDA33,OUT013,2350.6497
FDQ33,OUT013,2799.7056
FDE45,OUT027,4341.686
FDT26,OUT013,2036.3304
NCV53,OUT049,4733.3
FDK60,OUT027,2825.8186
NCJ29,OUT046,1281.979
FDI15,OUT045,5284.0264
FDX21,OUT013,1662.8505
FDV49,OUT019,646.24854
DRO59,OUT046,1432.373
FDZ14,OUT045,2068.4548
FDP32,OUT027,3256.0776
FDC33,OUT017,2839.5972
FDT14,OUT010,281.82047
NCN54,OUT027,2196.8223
FDR57,OUT027,4823.4214
DRK12,OUT046,294.93402
FDX52,OUT049,3036.4497
FDX08,OUT010,454.66162
FDP10,OUT010,242.28508
NCP50,OUT045,1291.9645
NCL06,OUT013,5419.4307
FDP25,OUT013,3345.3777
FDE53,OUT013,1389.785
FDL27,OUT017,1017.0758
FDC35,OUT049,3408.782
DRJ47,OUT010,455.74744
FDD16,OUT018,1076.791
NCN42,OUT049,2785.5046
FDC38,OUT027,3560.4478
NCO07,OUT045,3137.5686
FDQ20,OUT049,605.81616
FDI32,OUT046,2047.0355
FDN20,OUT010,337.25357
DRJ51,OUT027,6219.4736
FDU08,OUT045,1649.7585
DRN37,OUT019,515.43665
FDD05,OUT010,344.83136
FDW15,OUT046,2370.6821
FDI52,OUT046,2082.0762
DRM11,OUT049,2763.0605
NCO06,OUT045,416.25687
FDU38,OUT049,4307.238
FDU59,OUT018,2468.6128
FDJ10,OUT046,2244.4792
FDM13,OUT049,1612.2649
NCJ30,OUT019,531.032
FDM45,OUT018,2181.9773
FDP36,OUT045,686.71136
NCD30,OUT010,179.99236
FDN48,OUT017,1627.8823
FDY32,OUT049,3712.8792
FDU47,OUT046,2420.5173
FDF17,OUT019,497.24847
FDP34,OUT017,2211.452
FDA47,OUT049,3132.8074
DRD27,OUT027,2698.709
FDW38,OUT045,1088.3654
FDZ15,OUT019,294.02777
FDZ03,OUT027,5394.0522
NCN19,OUT049,3021.8699
FDG02,OUT035,2680.6592
FDS31,OUT035,4107.8228
FDW43,OUT019,848.63116
FDZ47,OUT010,195.24393
FDO57,OUT017,1755.0105
NCL07,OUT013,714.0382
NCV42,OUT013,2005.6233
FDP40,OUT017,1822.8383
FDP48,OUT019,840.4681
FDH21,OUT017,2776.1936
NCP02,OUT049,921.8867
FDK24,OUT049,797.7648
FDC41,OUT045,1207.2664
FDF08,OUT017,1438.0878
FDO49,OUT017,634.4506
FDS56,OUT027,7771.188
FDX46,OUT018,724.513
FDQ07,OUT013,3464.995
FDC32,OUT010,163.72495
FDT21,OUT019,504.73334
FDG58,OUT045,2548.8716
FDW14,OUT049,1111.1803
DRA12,OUT027,3674.3318
FDV27,OUT013,1411.2063
DRD25,OUT013,2158.7615
DRF48,OUT027,5659.5864
FDX24,OUT017,1458.8661
DRJ51,OUT046,2558.6157
FDE45,OUT045,2969.5088
FDE14,OUT046,1921.901
FDG53,OUT045,1803.6812
FDT08,OUT046,2535.4722
DRC27,OUT027,4291.121
FDG20,OUT035,2142.3984
FDC21,OUT046,1695.6943
FDV31,OUT018,2738.7185
FDB58,OUT045,1989.751
FDV23,OUT046,2089.3855
FDA25,OUT019,348.86362
FDC15,OUT046,2188.778
FDU47,OUT049,2207.834
FDE23,OUT013,861.474
FDS08,OUT013,2211.4792
FDW03,OUT027,2894.558
FDJ60,OUT018,2318.4985
FDM34,OUT017,2232.2527
FDW33,OUT013,1688.6503
FDZ40,OUT013,983.8479
FDE33,OUT018,1015.0671
NCC06,OUT010,343.0459
FDU11,OUT046,1535.7732
FDL44,OUT017,3091.4392
NCZ29,OUT017,2445.7786
FDG28,OUT010,1006.4404
FDL12,OUT018,641.682
FDD52,OUT017,1831.7019
FDO15,OUT013,1142.0345
NCN29,OUT027,1480.3324
FDW36,OUT013,1494.5684
FDB21,OUT046,4881.697
FDZ28,OUT013,2271.0435
FDY10,OUT035,1949.1877
DRG39,OUT017,803.4193
FDN28,OUT013,1425.4858
FDV15,OUT035,2082.9922
DRI13,OUT035,3628.0425
FDH20,OUT046,1498.0173
FDY51,OUT013,4011.65
FDE16,OUT013,3320.3716
FDX40,OUT018,424.16843
FDC48,OUT018,1170.0343
FDS14,OUT046,2412.8132
FDX56,OUT017,5190.713
FDI10,OUT046,2939.6724
FDI14,OUT013,2061.9438
DRM48,OUT013,1023.0587
NCH07,OUT027,4481.2114
FDY26,OUT013,3624.9062
FDD02,OUT027,2726.7937
FDM12,OUT046,3221.5442
DRF01,OUT010,375.26126
FDV36,OUT046,2465.6016
DRI59,OUT013,4251.208
FDV03,OUT018,2380.9277
FDO39,OUT017,4017.453
NCB07,OUT018,2274.4553
FDH38,OUT027,3121.2075
FDZ13,OUT035,732.4289
NCZ30,OUT046,2105.8228
NCA06,OUT035,411.83408
FDB04,OUT049,1312.3779
FDN50,OUT013,1208.1461
NCG06,OUT049,4091.3242
NCY17,OUT018,401.1251
FDC23,OUT046,2343.626
FDK33,OUT049,3701.3381
FDR03,OUT049,3800.2437
FDZ07,OUT045,980.0519
FDO38,OUT013,1069.6989
FDS59,OUT046,1808.8081
DRM11,OUT019,695.2808
FDX52,OUT027,5066.927
DRJ35,OUT018,787.60065
NCP53,OUT046,4311.712
FDW15,OUT019,618.8097
DRI47,OUT045,2486.3594
DRZ11,OUT035,1887.49
FDS02,OUT013,2643.2861
DRD49,OUT018,4331.1143
FDW38,OUT049,1054.9847
FDR21,OUT019,601.3151
FDE40,OUT013,918.2332
FDI02,OUT045,2102.7046
FDQ04,OUT045,638.16077
FDY14,OUT017,4893.714
NCT54,OUT046,1633.3629
DRD25,OUT017,1836.8527
DRE01,OUT045,5177.595
FDJ12,OUT010,508.26822
NCZ05,OUT049,1693.8062
DRB25,OUT019,256.19272
NCC31,OUT045,2578.9036
FDM16,OUT045,958.9904
DRG11,OUT049,1914.5597
FDV24,OUT027,3612.185
FDV43,OUT046,497.21997
FDG05,OUT018,2019.6677
FDV23,OUT010,98.49948
FDI58,OUT018,1477.4891
FDQ11,OUT017,3210.654
FDC05,OUT027,5646.38
FDF40,OUT013,3296.26
FDU02,OUT018,3521.5818
FDT32,OUT013,2960.973
NCF06,OUT017,4167.748
FDT46,OUT013,1112.734
FDR58,OUT010,137.06592
FDY04,OUT046,2339.429
FDT58,OUT045,2725.148
FDE46,OUT049,1700.2122
DRH11,OUT017,664.9516
DRI51,OUT046,2572.373
FDC35,OUT017,3558.6365
FDP45,OUT035,3424.646
FDC45,OUT017,3233.1401
FDU01,OUT045,2322.9082
FDJ53,OUT010,354.92703
FDJ46,OUT017,3098.2878
FDX07,OUT013,3523.6675
NCI30,OUT049,4420.766
FDE47,OUT027,3590.6206
FDV48,OUT045,1461.9838
FDN16,OUT019,272.5674
FDM52,OUT013,2624.066
FDA32,OUT027,5059.8154
FDH05,OUT017,3836.342
FDW25,OUT010,114.05815
FDQ09,OUT046,2037.7007
NCM17,OUT010,237.45131
DRM59,OUT046,2122.3027
FDV47,OUT027,2592.1511
DRE15,OUT035,1358.1039
FDS25,OUT010,302.37717
NCZ05,OUT018,1161.2719
NCV05,OUT019,577.7068
DRM37,OUT046,3942.1147
FDV58,OUT027,5888.35
FDN22,OUT027,7315.3066
NCO06,OUT049,567.15234
FDT56,OUT019,189.23633
FDM02,OUT013,1345.8004
FDA09,OUT046,2371.22
NCC06,OUT035,2596.2566
NCL54,OUT049,3127.4292
NCB55,OUT017,848.73035
FDB12,OUT017,1953.236
NCA54,OUT049,2925.8398
NCS38,OUT049,2463.296
FDC02,OUT049,4666.8784
FDK44,OUT019,323.86798
FDE16,OUT035,4282.089
NCS05,OUT035,2343.6758
FDZ59,OUT045,3073.4648
FDI20,OUT017,4712.506
FDQ14,OUT046,2358.0227
FDF53,OUT017,3574.4556
FDW25,OUT017,1749.8096
NCQ43,OUT010,213.14684
FDX52,OUT013,2824.9387
FDE28,OUT045,4729.9756
FDN15,OUT017,2180.3516
FDO28,OUT017,1893.9167
FDQ33,OUT045,2639.2434
FDM22,OUT010,153.36848
FDJ03,OUT017,867.70746
FDI16,OUT045,804.5929
FDI09,OUT027,7390.966
FDX55,OUT013,3976.8713
FDS23,OUT027,3211.5452
DRC12,OUT045,3370.13
FDH41,OUT049,3819.6729
FDN01,OUT013,2986.3865
FDV55,OUT045,2235.335
NCJ19,OUT013,792.42303
NCY29,OUT010,225.67647
FDP03,OUT018,2452.5286
FDZ52,OUT045,1707.3473
FDH31,OUT010,73.60956
FDQ19,OUT018,4140.7656
FDS15,OUT035,1787.4827
FDN32,OUT017,3709.144
FDH32,OUT049,1763.8058
FDF33,OUT017,2070.0798
FDJ22,OUT046,2961.9478
FDG56,OUT010,191.62602
FDC05,OUT046,2955.0647
FDK09,OUT013,4154.65
NCV29,OUT045,3174.7068
NCC43,OUT019,724.4915
NCA42,OUT049,2526.3337
FDC10,OUT046,1708.1632
FDC16,OUT013,1098.4568
NCL17,OUT013,1988.867
FDA51,OUT035,2003.206
FDW01,OUT017,2582.1572
NCF30,OUT045,1758.0833
FDN49,OUT013,545.30505
FDY20,OUT045,1411.7465
FDC15,OUT045,2141.986
FDY24,OUT046,1275.7556
NCG43,OUT017,1652.8484
FDA48,OUT013,4619.3354
NCF55,OUT017,757.6792
FDL38,OUT049,1588.2645
NCQ29,OUT018,3414.4514
FDC34,OUT017,2881.6555
FDP36,OUT027,1340.9015
FDN50,OUT010,293.2131
FDO23,OUT049,1429.8579
FDT56,OUT013,1033.3807
FDT13,OUT027,5142.593
FDZ03,OUT013,3462.823
FDQ03,OUT010,558.1226
FDU44,OUT045,3005.1028
FDD03,OUT049,3704.2366
NCH30,OUT013,1741.9785
FDS60,OUT010,357.7568
FDG08,OUT046,2985.5037
FDX38,OUT017,746.0763
FDD22,OUT017,1585.2297
FDW51,OUT013,2703.752
FDL09,OUT017,2420.8513
FDZ60,OUT045,1378.1588
NCH07,OUT046,2217.4807
NCQ41,OUT049,3780.93
FDW04,OUT049,2123.9146
FDI08,OUT027,6301.27
FDR19,OUT019,543.12244
FDV13,OUT046,1477.045
FDB52,OUT017,2912.387
FDZ48,OUT027,3154.5825
NCO14,OUT049,930.88947
FDZ50,OUT013,4142.6616
FDN27,OUT019,397.88492
FDQ60,OUT013,2492.5745
FDR49,OUT017,808.5539
DRJ35,OUT027,1794.6492
DRI49,OUT017,1646.5106
FDB47,OUT017,3889.4004
FDP37,OUT010,291.77844
FDR26,OUT049,1647.9652
FDY31,OUT019,475.36566
FDC11,OUT045,1417.3273
DRP47,OUT035,4713.1445
NCY54,OUT018,2043.0437
FDR27,OUT046,1952.291
FDQ21,OUT019,319.70932
NCQ29,OUT035,4042.2065
FDJ02,OUT046,2556.9973
FDE21,OUT018,1538.152
FDM39,OUT046,2998.4573
FDZ01,OUT017,2090.0955
NCB19,OUT018,1652.0176
FDU03,OUT046,2106.9856
FDP27,OUT049,3848.6804
DRF01,OUT045,2445.554
FDM03,OUT049,1722.3713
FDV01,OUT046,2774.987
FDS16,OUT046,2371.571
FDO45,OUT035,1354.2151
NCX06,OUT035,3042.6177
FDP13,OUT046,569.6281
NCR38,OUT018,4178.9243
FDA01,OUT013,809.432
FDT26,OUT017,2040.1935
FDD44,OUT027,6903.5767
FDB26,OUT013,757.2262
FDP45,OUT019,518.3137
NCP55,OUT046,1007.5723
FDT23,OUT017,1400.0312
FDO51,OUT045,814.5782
FDA44,OUT046,937.5627
NCJ31,OUT018,3530.7043
FDX37,OUT045,1608.697
NCD18,OUT049,3596.6995
FDN40,OUT027,3513.2478
FDL33,OUT017,2447.6892
DRF48,OUT035,1873.249
FDW08,OUT035,1666.8552
FDX39,OUT018,2508.378
FDB38,OUT049,3030.0266
FDY46,OUT018,2782.2095
NCB06,OUT049,3113.9387
FDA34,OUT035,3528.043
FDA35,OUT045,2067.2246
FDQ07,OUT035,3696.0435
FDU32,OUT045,1816.0077
FDU26,OUT013,1917.6488
FDU13,OUT010,474.10043
FDO09,OUT035,4475.039
FDW03,OUT019,257.537
FDB38,OUT013,2066.2695
FDL26,OUT010,356.37216
NCN43,OUT045,1859.1533
FDH08,OUT045,3256.244
NCC31,OUT019,617.8553
FDH14,OUT035,2025.5541
FDL40,OUT017,1711.7126
FDD20,OUT035,2273.1943
NCV53,OUT035,5483.5796
FDD16,OUT045,1110.0905
FDP24,OUT035,1662.3976
FDQ25,OUT045,2742.4775
FDM38,OUT035,924.2421
NCT18,OUT010,459.5707
FDM34,OUT049,1992.5782
DRH37,OUT010,341.16788
NCE07,OUT013,1778.9481
FDG12,OUT013,2166.3772
FDB59,OUT010,-86.944214
FDS10,OUT018,2850.3252
FDN21,OUT010,500.12656
FDM02,OUT045,1317.6096
FDO44,OUT049,1890.8405
NCN17,OUT017,1498.9598
FDH16,OUT018,1191.1448
FDL44,OUT046,2833.8037
FDY47,OUT017,1978.6472
DRI39,OUT046,1092.8865
NCX54,OUT018,1288.3237
FDE59,OUT046,670.0059
FDO46,OUT045,2906.5652
DRE13,OUT046,1458.016
FDW14,OUT013,1037.2524
FDF35,OUT046,1550.0138
FDO50,OUT019,287.6518
DRF49,OUT017,2049.4268
FDT60,OUT049,1968.228
FDP38,OUT045,764.7359
FDA31,OUT027,4434.8027
FDY52,OUT010,102.141525
FDD03,OUT027,5839.288
FDN52,OUT018,1436.672
FDU20,OUT010,321.22617
FDD22,OUT035,1591.0643
NCB55,OUT019,267.14978
FDN27,OUT045,1080.2643
FDD16,OUT013,1190.083
FDW48,OUT046,1396.4911
DRN35,OUT045,973.9417
FDX25,OUT049,3055.8025
DRD49,OUT049,4401.784
FDE21,OUT019,471.18604
FDN44,OUT035,3636.406
DRC01,OUT049,462.51398
NCK30,OUT046,3868.2625
FDU39,OUT013,1146.172
FDB49,OUT013,1541.0956
FDS12,OUT045,2013.9761
FDR57,OUT018,2430.2693
FDX22,OUT027,6512.116
FDC60,OUT013,2142.6663
NCE42,OUT049,3349.616
NCK42,OUT049,3463.969
DRE01,OUT017,3608.6975
FDE57,OUT018,1897.2618
DRK59,OUT019,424.36487
FDB10,OUT027,5591.666
FDQ25,OUT046,2679.6873
FDY26,OUT017,4696.7427
FDG28,OUT049,3460.2122
FDM14,OUT049,1842.6211
NCH29,OUT049,1520.6846
FDD48,OUT049,2125.4958
FDC17,OUT045,3551.4844
DRH49,OUT027,2428.6553
FDN44,OUT018,2139.2434
FDC29,OUT045,1679.2585
DRK01,OUT019,321.58316
FDD48,OUT017,2304.5703
FDB59,OUT013,3348.603
FDY45,OUT010,374.9018
FDX60,OUT035,988.8479
FDT09,OUT010,245.08078
DRB24,OUT018,2300.6277
FDL13,OUT035,4695.611
FDN16,OUT035,1661.1263
FDK57,OUT013,2245.9333
FDO22,OUT027,2221.4336
FDC57,OUT010,338.7354
FDZ13,OUT027,1361.6901
FDW27,OUT013,1678.1338
FDX10,OUT049,658.3907
FDY08,OUT018,1769.2139
FDA49,OUT017,1550.246
FDC32,OUT018,1046.1802
FDO04,OUT035,1067.0514
NCZ54,OUT013,2863.4421
FDY40,OUT045,1030.9602
FDW36,OUT045,1530.1964
FDE11,OUT017,3487.6975
DRE37,OUT045,2826.06
NCK19,OUT017,2890.6475
FDT19,OUT035,2868.96
FDE56,OUT045,925.20624
FDZ57,OUT010,252.18628
FDB35,OUT035,1906.8203
FDF09,OUT010,-152.87552
FDO34,OUT046,2830.9048
FDA55,OUT046,4298.8027
NCM18,OUT035,1098.0881
FDJ20,OUT019,388.11838
DRQ35,OUT019,328.5655
FDG02,OUT013,2736.3787
NCU29,OUT018,2652.0671
FDL27,OUT027,1699.235
NCA54,OUT035,2911.9373
FDJ32,OUT035,895.6098
FDB21,OUT019,618.35724
FDR46,OUT035,2462.2546
FDZ32,OUT046,1221.0974
DRF36,OUT017,3611.183
NCU54,OUT017,3629.8337
NCI31,OUT017,625.29987
DRA59,OUT035,2877.685
NCC55,OUT045,822.3942
FDE44,OUT018,651.49994
NCN26,OUT018,1869.2246
FDC11,OUT049,1326.2458
FDV24,OUT035,1744.3029
FDR40,OUT019,69.15045
NCQ17,OUT049,2973.9426
FDC46,OUT045,3374.01
NCM18,OUT046,1141.4093
FDK16,OUT046,1647.2405
FDI28,OUT017,1169.2119
FDS11,OUT018,3214.3655
DRD13,OUT046,911.9692
FDL36,OUT035,1210.4764
FDI27,OUT013,721.44916
FDJ53,OUT019,332.00516
FDS44,OUT045,4814.8687
FDE28,OUT046,3667.138
FDQ33,OUT018,2453.8354
FDB37,OUT017,3919.7603
FDQ31,OUT045,1659.1422
NCQ05,OUT046,2567.4739
FDE10,OUT013,1859.9766
FDF38,OUT017,696.5402
FDE50,OUT019,552.9051
DRG37,OUT010,363.8943
NCH06,OUT049,4140.3267
FDY14,OUT045,5365.4326
FDO27,OUT017,1464.2502
FDQ19,OUT049,4272.293
FDZ26,OUT019,400.01562
FDN51,OUT013,5597.493
FDK20,OUT035,2311.5142
FDD40,OUT018,2762.3362
DRI25,OUT018,583.96136
FDH56,OUT017,1888.8469
FDI36,OUT027,5094.4814
DRH11,OUT018,642.922
NCV18,OUT017,1675.8016
DRI01,OUT049,3308.2817
DRE48,OUT049,3213.0203
FDS51,OUT035,1198.895
FDM38,OUT017,807.03687
FDB60,OUT027,4214.7305
FDY58,OUT035,3937.915
FDY22,OUT045,2194.6226
FDF11,OUT027,4865.818
FDZ51,OUT035,1508.5314
FDQ45,OUT017,3994.9678
FDF17,OUT035,3031.4253
NCF31,OUT027,3709.8225
FDA37,OUT013,1672.3792
FDO51,OUT046,909.8895
FDF34,OUT013,2664.378
FDD57,OUT018,1135.2242
FDO37,OUT046,3858.034
FDR49,OUT049,769.9184
FDS39,OUT049,2604.8435
FDI48,OUT027,1520.3344
DRM35,OUT049,3599.9106
FDV57,OUT035,3567.1265
FDZ55,OUT013,2328.3037
FDI28,OUT035,979.3302
FDS21,OUT045,1056.9703
FDT34,OUT013,1876.3224
DRI25,OUT035,886.306
FDT47,OUT010,393.34323
DRH39,OUT045,967.7081
NCD54,OUT045,1907.0286
FDU16,OUT027,2095.0222
NCW29,OUT045,1959.99
FDV25,OUT027,5533.621
FDM56,OUT035,1684.4875
FDZ04,OUT027,1854.338
FDG59,OUT019,183.34181
FDI56,OUT045,1381.4203
FDS33,OUT035,1399.9524
FDC23,OUT049,2598.2896
FDT11,OUT049,3315.2139
FDG17,OUT045,3991.7615
FDZ44,OUT045,1315.7389
FDJ52,OUT013,2199.9067
DRI23,OUT046,2355.2356
DRE15,OUT010,183.58714
NCF07,OUT013,1672.4225
NCR29,OUT049,841.8373
FDE44,OUT019,156.3108
FDT23,OUT035,1479.1652
NCG06,OUT017,3322.4053
NCU41,OUT010,676.8451
FDH46,OUT017,1485.1752
FDV31,OUT013,3058.8362
NCT41,OUT027,5003.234
FDE22,OUT027,3992.7366
FDC26,OUT045,1782.7427
DRF51,OUT017,807.0946
NCY53,OUT019,474.01907
FDY21,OUT017,3755.4448
FDL27,OUT013,1027.9185
FDZ34,OUT049,4257.757
NCF43,OUT010,417.30817
FDC21,OUT035,1579.2438
FDL26,OUT013,2502.516
FDT25,OUT010,345.4508
NCR30,OUT046,952.9999
DRL23,OUT019,313.21393
NCR05,OUT049,2982.705
NCE19,OUT018,888.79565
FDY07,OUT035,608.6741
FDB10,OUT017,3605.273
FDP57,OUT013,1584.8689
FDU48,OUT019,349.16812
FDH48,OUT035,1585.6115
FDO33,OUT035,2067.3691
NCU29,OUT045,2358.071
FDW35,OUT046,928.3547
FDH05,OUT010,554.19855
FDP26,OUT049,1367.1489
DRG27,OUT035,998.96326
FDQ33,OUT046,2546.4507
FDH20,OUT010,349.66916
FDV14,OUT046,1083.1212
DRD01,OUT046,951.80536
NCI17,OUT049,1263.0599
FDF39,OUT010,1144.4772
FDX37,OUT046,1527.5652
NCX17,OUT035,3473.2769
FDN03,OUT013,4623.5337
NCS41,OUT010,587.80524
FDH34,OUT045,2770.2327
NCX53,OUT018,1784.8928
FDY31,OUT046,2133.925
FDD20,OUT017,2229.9736
FDE51,OUT045,645.4092
FDV27,OUT046,1298.8755
FDF16,OUT035,2344.4038
FDZ02,OUT049,1051.0359
NCK05,OUT045,1013.8352
FDM12,OUT027,4247.781
NCA05,OUT018,1594.4176
FDX33,OUT045,2527.0718
FDM25,OUT049,2867.176
FDE41,OUT018,936.34937
FDW14,OUT045,1136.961
NCD30,OUT046,1506.9143
FDB23,OUT010,488.1608
FDF45,OUT046,1203.7554
FDW20,OUT017,2211.3462
FDF47,OUT045,2352.8213
NCR05,OUT019,689.1952
DRB01,OUT046,3142.7847
FDE36,OUT013,3398.341
FDU56,OUT049,2889.6912
FDB23,OUT049,3915.115
FDN48,OUT049,1269.8495
FDS43,OUT013,2612.2231
NCN05,OUT013,3213.6357
NCL53,OUT049,2660.747
FDL56,OUT046,1471.3203
FDH17,OUT018,1079.545
FDP37,OUT046,2290.754
FDG09,OUT019,538.507
FDA55,OUT045,4524.0615
FDX31,OUT049,3638.479
FDJ41,OUT045,4386.727
DRC24,OUT045,3054.9402
FDQ21,OUT035,2541.6897
NCT54,OUT045,1612.0757
FDH08,OUT049,3903.4575
FDY38,OUT018,4180.5137
DRM11,OUT010,469.0529
FDG32,OUT049,3070.199
NCH18,OUT046,3167.7166
FDI20,OUT035,5192.083
FDA33,OUT018,2523.6284
FDN45,OUT013,3730.0288
FDT45,OUT010,296.9104
FDR32,OUT035,3659.3977
FDA48,OUT017,3640.5344
FDN23,OUT017,2458.5227
NCR18,OUT035,760.4344
FDD45,OUT046,1515.494
FDI22,OUT018,3138.1099
FDT09,OUT013,3075.7412
DRC24,OUT027,4823.782
FDT39,OUT046,1855.1345
FDX28,OUT045,1549.6772
FDA50,OUT018,1004.74915
FDT33,OUT027,4344.2104
FDQ60,OUT049,2147.115
NCM19,OUT018,1921.0798
FDF40,OUT046,3457.415
NCI30,OUT035,4047.7258
FDK34,OUT049,4355.414
FDA38,OUT027,5893.355
FDT02,OUT045,515.12756
FDC11,OUT017,1391.9519
FDD08,OUT046,612.5788
NCS29,OUT046,4239.297
DRI03,OUT010,568.1552
FDK48,OUT035,976.9122
FDM52,OUT049,2368.5054
FDP49,OUT035,967.6456
DRA24,OUT046,1769.7767
NCJ43,OUT049,3084.516
FDE11,OUT045,3248.2148
FDP01,OUT049,1446.7839
FDQ59,OUT018,1426.9579
FDA43,OUT019,670.7415
FDL14,OUT017,2010.5161
FDV50,OUT010,209.00339
FDT01,OUT027,5930.793
NCC42,OUT035,1895.2971
FDO28,OUT046,1970.1321
FDD32,OUT019,269.0222
FDV45,OUT035,3164.37
NCW17,OUT019,366.2727
NCJ17,OUT027,2392.08
NCF18,OUT049,3706.9395
FDP01,OUT045,1792.1096
FDH24,OUT045,2050.3171
FDI38,OUT027,7287.86
FDX03,OUT035,932.05707
FDY28,OUT046,3574.389
FDN34,OUT018,2341.5496
FDJ02,OUT045,2499.398
FDW40,OUT019,369.81177
FDX03,OUT017,665.6739
FDE17,OUT027,3754.8577
FDT58,OUT046,2242.8982
FDI38,OUT013,3962.1755
FDW22,OUT035,4451.6753
FDS15,OUT027,2674.643
NCX06,OUT013,3564.3503
DRK47,OUT035,3285.2246
FDC23,OUT027,6377.351
FDM56,OUT010,161.35039
FDP21,OUT046,3563.1543
FDP58,OUT046,2529.1367
FDA27,OUT019,552.3544
FDK41,OUT019,238.21738
NCH42,OUT046,4477.8584
FDG29,OUT045,536.7251
FDW15,OUT018,2003.5068
FDD28,OUT018,648.3206
FDQ37,OUT049,4058.7368
FDC23,OUT035,4030.1562
FDV13,OUT035,1543.3837
FDK33,OUT046,4101.2305
FDO33,OUT013,2419.5427
FDN21,OUT017,2212.3032
NCW06,OUT027,4951.6104
FDI38,OUT035,4951.4595
FDC21,OUT027,2610.372
NCS05,OUT046,2067.5588
NCN53,OUT049,463.32623
FDV40,OUT010,53.269943
FDG60,OUT017,3852.7268
NCY30,OUT027,5811.0024
FDM40,OUT045,2028.8724
NCO30,OUT046,2304.9
FDK10,OUT046,2704.4646
FDM36,OUT045,2675.183
FDN10,OUT013,1773.7153
FDM46,OUT018,1084.0514
FDX50,OUT049,1470.0759
FDP33,OUT045,3608.3848
FDO12,OUT045,2120.5757
FDC28,OUT013,1351.086
FDO31,OUT045,1161.4584
FDX45,OUT035,2863.0244
FDV21,OUT049,2218.0215
FDH04,OUT049,1147.8679
NCG54,OUT013,3373.622
FDO13,OUT046,2570.1287
FDA09,OUT027,4115.0703
FDC38,OUT017,2394.3699
NCO42,OUT046,2000.0172
FDL45,OUT049,2276.1775
NCK31,OUT013,624.8593
FDM39,OUT017,2590.4465
FDC22,OUT010,344.13098
FDF46,OUT046,1837.8511
FDQ37,OUT045,3599.0107
FDH41,OUT010,764.743
FDQ04,OUT046,719.35895
NCQ02,OUT027,3272.6345
FDJ57,OUT027,5360.8594
NCE07,OUT049,2048.0576
FDE56,OUT013,673.2804
FDI20,OUT049,4309.383
FDK36,OUT018,579.9749
FDP08,OUT027,5173.4253
FDF44,OUT017,2482.0085
NCU53,OUT017,2023.367
FDF47,OUT035,3422.6382
FDS55,OUT010,333.37408
FDZ52,OUT010,227.01288
FDL04,OUT018,1285.5963
NCM26,OUT035,3237.65
FDX43,OUT049,2154.2178
FDP52,OUT049,3598.6511
DRK49,OUT045,809.7518
FDE38,OUT013,2488.664
DRF13,OUT035,2876.5537
FDK41,OUT010,138.76312
FDJ04,OUT027,3182.5425
FDZ44,OUT018,1428.7335
FDS11,OUT013,3620.5432
FDA55,OUT049,4281.1475
NCW53,OUT046,2765.0906
FDB49,OUT027,2708.391
FDD23,OUT017,3233.8906
NCV42,OUT045,1609.4697
NCZ29,OUT018,1658.7676
FDQ26,OUT013,503.51645
FDV08,OUT017,791.9349
FDC53,OUT049,1319.2339
FDV58,OUT010,708.7897
NCP02,OUT019,261.64914
DRI37,OUT045,901.8255
FDQ12,OUT049,4055.5215
FDE33,OUT046,1214.8873
FDX27,OUT045,1284.802
FDM22,OUT017,842.19135
NCH30,OUT019,458.97607
FDC04,OUT017,3356.2607
FDO38,OUT046,1418.7349
FDV52,OUT027,3257.888
FDB32,OUT013,1490.5255
FDV43,OUT018,399.8949
FDI24,OUT018,3105.8672
FDR40,OUT017,1368.2675
FDW02,OUT049,2285.6086
FDE44,OUT049,866.4358
FDL38,OUT046,1744.0552
NCT54,OUT010,61.813087
DRJ39,OUT010,207.28398
FDW55,OUT049,4014.87
DRF13,OUT019,498.9756
NCW17,OUT049,2359.5605
FDP13,OUT035,646.43024
FDS08,OUT018,2357.435
NCP17,OUT035,892.7771
NCO53,OUT035,2699.516
FDH19,OUT045,2783.181
FDJ04,OUT017,2102.828
FDG10,OUT049,570.89575
FDA40,OUT010,127.810524
FDI53,OUT045,2329.408
FDU09,OUT010,196.95341
FDK60,OUT045,1359.4812
FDR43,OUT017,698.8433
FDW22,OUT017,4159.196
DRP47,OUT010,301.1128
DRG48,OUT010,481.1073
FDA14,OUT035,2485.7798
FDU49,OUT013,1360.761
FDK28,OUT045,3527.7305
FDT19,OUT046,3239.734
NCQ42,OUT045,1923.5114
FDD03,OUT045,3353.0427
NCM53,OUT013,1787.5414
NCX53,OUT045,1872.5168
FDV14,OUT027,2474.801
NCZ54,OUT017,2949.6328
FDB39,OUT013,585.9578
DRC24,OUT046,2513.6897
FDY36,OUT013,924.14197
FDN01,OUT035,3508.1555
DRH25,OUT046,583.47095
FDV08,OUT046,895.3472
NCP53,OUT049,4507.9272
FDU52,OUT010,555.50696
NCI42,OUT045,2216.3926
FDZ14,OUT035,2087.7053
FDF11,OUT046,2950.3308
FDQ13,OUT018,1265.4752
FDO32,OUT010,167.91074
DRJ37,OUT018,2012.728
FDY43,OUT046,3177.188
NCT41,OUT017,2466.9758
NCV17,OUT045,2271.8745
FDM04,OUT027,1623.441
DRB48,OUT018,480.4127
FDM24,OUT013,2553.0916
FDT37,OUT049,3764.1584
NCO05,OUT010,335.15762
FDL13,OUT046,4963.6465
FDL15,OUT017,2516.6394
FDB11,OUT018,3053.6228
FDL14,OUT019,685.3863
FDY10,OUT019,458.06287
FDJ40,OUT049,1970.5645
NCW18,OUT046,4251.4844
NCY06,OUT013,2188.8174
DRE13,OUT018,1124.4858
FDA26,OUT045,3365.8848
NCE19,OUT010,249.64186
FDE33,OUT035,1397.9819
DRL59,OUT027,1380.5292
FDY07,OUT046,929.9968
FDF57,OUT018,2410.5752
FDM58,OUT035,1884.3663
FDP26,OUT027,2529.7441
FDY32,OUT046,3418.6907
FDD51,OUT010,-11.36351
FDU22,OUT018,1867.303
FDZ49,OUT018,3941.3882
NCI42,OUT017,3654.535
FDT04,OUT027,841.2485
NCU41,OUT045,2572.5364
FDS56,OUT045,4154.598
NCN42,OUT017,2617.5845
FDK34,OUT046,3331.021
FDB03,OUT017,4087.0427
DRJ25,OUT035,705.8427
FDT25,OUT027,3418.1265
FDN20,OUT013,2418.291
FDP09,OUT013,3647.0254
FDM20,OUT019,503.42447
NCG55,OUT046,1809.2025
NCP14,OUT045,1564.361
NCH06,OUT046,2957.7046
FDV52,OUT013,2165.5737
NCL07,OUT035,755.9743
DRJ11,OUT027,5560.7603
DRO59,OUT013,1013.78796
FDW15,OUT010,378.9378
NCQ30,OUT035,2445.3254
NCN54,OUT019,225.59291
FDY01,OUT027,3640.261
FDX39,OUT035,3690.3027
FDH53,OUT027,2419.4338
FDA57,OUT035,792.93713
NCC07,OUT010,415.37427
FDU28,OUT013,3140.7983
FDK36,OUT010,12.58342
FDR36,OUT018,513.511
NCQ17,OUT035,2423.577
FDS28,OUT019,216.80457
FDE08,OUT045,2540.9192
FDU22,OUT046,1936.1232
FDG41,OUT045,1431.0526
FDO31,OUT010,237.56941
FDM21,OUT019,712.2649
FDU40,OUT017,2550.9248
FDV36,OUT018,1763.6824
FDT10,OUT027,1728.1952
FDX38,OUT045,889.9297
NCU30,OUT027,3696.186
NCV06,OUT049,3846.1838
FDT16,OUT035,4679.8105
NCP41,OUT027,2548.8906
FDZ56,OUT017,3062.195
FDC22,OUT035,2797.8828
FDU10,OUT035,521.22656
FDS46,OUT045,2010.6908
FDO08,OUT049,3081.6082
NCV42,OUT018,1472.5447
FDP33,OUT035,4016.2202
FDJ12,OUT046,4140.7944
FDH04,OUT045,1397.8793
NCU54,OUT013,2599.1443
FDO36,OUT010,654.28406
FDT37,OUT027,6065.836
FDD14,OUT010,677.0875
FDA16,OUT013,3665.969
NCS42,OUT019,386.78247
FDP10,OUT019,316.10052
FDQ28,OUT049,2835.7085
FDK57,OUT010,323.09906
FDK02,OUT013,2306.0073
FDW47,OUT018,1945.7655
NCC42,OUT018,1736.2234
FDQ37,OUT018,4742.4585
FDL40,OUT046,1849.9702
DRE13,OUT010,261.74326
FDQ34,OUT027,2703.8916
NCB54,OUT046,1902.39
FDS48,OUT049,2042.3352
FDO15,OUT045,1191.2941
NCT30,OUT013,862.1483
FDU49,OUT027,2735.4043
FDE21,OUT046,2173.79
FDS49,OUT019,246.81993
FDT38,OUT027,2388.386
FDZ01,OUT045,1636.2639
FDC41,OUT035,1109.9086
DRG13,OUT010,430.7914
NCZ42,OUT018,3983.5237
NCM07,OUT045,1428.663
NCV17,OUT018,2183.5603
DRK39,OUT035,1187.3381
FDS37,OUT018,1725.1863
FDV12,OUT019,404.62253
NCG19,OUT018,4083.2146
FDS51,OUT013,745.36536
NCO14,OUT046,515.9376
FDC38,OUT046,2048.1206
FDN15,OUT046,2313.7954
NCH42,OUT013,4542.5757
FDQ22,OUT046,600.1932
FDC05,OUT013,3144.3245
FDZ31,OUT013,3563.147
DRJ23,OUT049,3802.7214
FDC52,OUT035,2363.2744
DRD12,OUT010,166.36089
FDV55,OUT017,2275.2898
FDD32,OUT046,1065.4456
FDR01,OUT049,4079.1057
FDY08,OUT019,403.3814
FDQ45,OUT045,4331.4795
DRN11,OUT027,3900.9387
NCS05,OUT018,1642.4427
FDY32,OUT035,2848.436
NCD31,OUT045,2869.6987
NCE06,OUT049,2654.9646
NCP14,OUT046,1900.9696
NCF18,OUT019,557.98486
FDF14,OUT018,2450.4683
FDB22,OUT017,1855.2488
NCH54,OUT049,3359.9265
FDU27,OUT035,567.88007
FDS58,OUT027,4530.93
NCU29,OUT035,2832.9731
FDJ57,OUT013,3661.967
FDL56,OUT049,1413.554
FDH60,OUT035,3266.5415
FDN24,OUT018,915.44006
FDD02,OUT017,2514.3596
FDP15,OUT017,4779.9585
FDB28,OUT027,5242.0273
DRC49,OUT045,2362.6116
NCG30,OUT018,1874.4523
FDJ14,OUT049,1211.0824
FDL52,OUT045,398.48328
NCG19,OUT027,6715.2905
NCN41,OUT035,2154.679
FDW22,OUT013,4307.574
FDI02,OUT013,2470.5532
FDV51,OUT045,2417.6995
FDV48,OUT046,1491.1462
NCL17,OUT019,400.1652
FDP46,OUT045,1370.2676
FDU10,OUT045,519.8215
FDT37,OUT010,1090.576
FDI27,OUT035,594.16046
FDN51,OUT046,3192.7444
FDW07,OUT035,1142.7375
FDN45,OUT049,3365.825
DRN37,OUT027,4863.3804
DRF48,OUT049,2152.174
FDP38,OUT019,182.61267
NCX18,OUT027,4795.713
FDK45,OUT018,1367.0337
FDZ37,OUT049,1075.955
FDS50,OUT018,3685.0974
NCR54,OUT018,3058.585
NCS17,OUT035,1477.0078
FDV31,OUT046,2437.6885
DRE27,OUT017,1470.2291
FDN60,OUT013,3044.8958
FDK26,OUT013,3287.0837
FDX37,OUT018,1080.3281
FDW31,OUT046,3024.6067
FDX26,OUT018,2646.4763
DRL49,OUT019,403.50363
FDU49,OUT017,1754.7883
FDY58,OUT046,3137.467
FDN03,OUT045,4466.1772
NCV06,OUT010,825.033
FDH53,OUT045,1241.8066
FDG31,OUT018,1064.0236
NCC06,OUT045,2564.6033
FDS13,OUT049,4589.198
FDP16,OUT035,3847.603
FDA35,OUT013,2470.5847
DRP47,OUT018,3736.6748
FDY28,OUT010,1172.1057
FDY20,OUT035,1333.9559
NCH30,OUT017,1761.1002
NCR29,OUT019,245.874
NCP05,OUT013,2510.593
NCF30,OUT019,431.0006
FDA08,OUT035,2859.2686
FDN51,OUT027,7305.041
FDH12,OUT046,1665.601
FDY39,OUT017,3963.4114
NCO53,OUT045,2385.8489
FDB40,OUT046,2668.9604
FDH02,OUT049,994.6861
FDY11,OUT027,1867.718
FDQ09,OUT019,453.77545
FDP16,OUT013,4519.0005
NCF55,OUT018,482.02686
FDY09,OUT027,5127.344
FDY39,OUT045,3972.4873
NCU53,OUT049,2009.1454
NCT41,OUT049,2100.864
FDJ45,OUT046,1150.4711
FDR28,OUT013,2473.5566
FDN08,OUT013,1885.7971
FDJ07,OUT049,1955.4983
FDZ09,OUT027,3993.001
FDQ14,OUT017,2319.2144
FDY12,OUT027,1240.4669
FDK57,OUT046,2029.8888
FDD20,OUT049,2191.4067
FDS36,OUT018,1840.3265
FDI40,OUT049,1556.8309
FDJ40,OUT045,1865.4752
FDE08,OUT013,2490.3445
DRK01,OUT013,1466.2231
FDC58,OUT049,796.9002
FDE50,OUT046,3275.723
FDX48,OUT035,2223.307
DRM35,OUT018,2782.668
FDG41,OUT013,1476.2988
FDB52,OUT046,2701.7195
FDV19,OUT045,2460.4172
DRG48,OUT017,2343.4387
FDI26,OUT013,2666.2532
FDU11,OUT019,376.16718
FDF59,OUT019,256.24332
FDR07,OUT049,2297.7915
NCE06,OUT017,1760.0326
FDE10,OUT046,1850.4685
NCO55,OUT046,1609.7024
FDZ13,OUT013,438.59576
FDT50,OUT017,1660.3164
FDH12,OUT010,276.33102
FDD21,OUT045,1976.6699
NCM05,OUT013,5215.3013
FDK04,OUT013,509.02512
FDN33,OUT017,1289.9468
NCM18,OUT010,286.79886
DRC25,OUT049,1420.5397
FDT47,OUT017,2127.2974
FDD45,OUT027,2988.9294
NCD07,OUT018,1240.6738
NCY54,OUT010,356.67148
FDL12,OUT049,625.346
FDL02,OUT017,2081.4636
FDC60,OUT035,1766.3151
FDR37,OUT017,3634.3079
FDY16,OUT017,4250.6284
FDU26,OUT045,1710.1973
FDN24,OUT013,1093.9194
FDH44,OUT013,2389.4155
FDE23,OUT010,95.557205
FDW60,OUT017,2649.1162
FDQ55,OUT049,2364.9387
FDV32,OUT027,1931.4362
FDV03,OUT010,418.84543
FDY14,OUT010,913.60205
NCL55,OUT027,5687.4062
DRF25,OUT017,561.60065
FDX03,OUT046,714.0305
FDF40,OUT045,3095.1057
FDX24,OUT010,113.37819
FDA25,OUT049,1619.5145
FDH21,OUT018,2686.0454
FDB47,OUT010,590.87286
FDT34,OUT019,346.14267
FDS39,OUT010,383.8019
NCU05,OUT046,1620.4612
FDE02,OUT049,1393.605
FDL25,OUT035,1186.0037
FDC50,OUT049,1324.401
FDZ32,OUT049,1430.7103
FDV14,OUT045,1206.3667
FDR07,OUT045,1537.6697
FDB26,OUT049,696.0315
NCR50,OUT045,2653.3347
FDP01,OUT018,1934.7238
FDH57,OUT045,2015.9906
FDM60,OUT027,1102.3881
FDA45,OUT017,3581.9111
FDU55,OUT017,5428.295
FDH40,OUT035,1155.3842
FDG40,OUT019,7.172585
FDT12,OUT049,4077.3716
DRL59,OUT045,893.83466
FDT47,OUT018,1909.0643
FDI60,OUT017,940.6731
DRF51,OUT027,1036.6403
NCK31,OUT049,898.72437
FDB08,OUT045,2308.132
FDM44,OUT035,1598.493
FDD46,OUT018,1989.6049
FDR27,OUT019,455.81342
FDV56,OUT010,194.052
FDM02,OUT049,1342.0083
FDU45,OUT018,1819.3572
FDZ10,OUT017,2441.425
NCK31,OUT010,-8.783925
FDR27,OUT035,2103.0918
FDF33,OUT013,1787.7897
FDJ36,OUT046,1655.7922
FDP33,OUT049,5048.1196
FDG17,OUT046,4255.026
FDG47,OUT027,3529.5737
NCW29,OUT046,2104.1665
DRH59,OUT017,1145.4694
FDR32,OUT017,3452.3525
FDP48,OUT035,4158.6797
FDG17,OUT035,4533.1743
DRJ59,OUT017,638.1777
FDY48,OUT027,2541.9163
FDB02,OUT046,2738.391
FDN10,OUT019,548.13715
NCD55,OUT035,828.4257
FDX34,OUT013,2150.0137
FDZ38,OUT045,4028.9006
DRF37,OUT049,5542.9326
DRL47,OUT019,361.1549
FDL27,OUT035,1101.3651
NCP53,OUT035,4180.348
FDT03,OUT019,310.53244
FDJ28,OUT035,3804.1108
FDF40,OUT018,3377.2644
FDA32,OUT035,3320.2703
NCP02,OUT017,808.874
FDZ31,OUT045,3362.8823
NCQ29,OUT013,4025.332
FDP57,OUT010,306.05988
FDL32,OUT027,3859.6897
DRB01,OUT035,2728.782
FDJ40,OUT046,1910.6936
FDO24,OUT018,2476.5588
FDO11,OUT018,4246.839
FDA56,OUT035,2062.9219
FDF02,OUT045,1580.0089
FDA10,OUT013,2126.324
NCI55,OUT017,2569.9065
FDZ40,OUT010,17.19531
FDV08,OUT049,633.3668
FDN48,OUT013,1188.9221
FDU57,OUT017,2614.112
DRF49,OUT013,1600.2805
FDS02,OUT035,3340.7512
FDS43,OUT046,2729.4434
FDT16,OUT013,4598.631
FDX19,OUT027,6106.9062
FDK15,OUT046,1724.1508
DRA12,OUT049,2120.5642
FDY35,OUT017,1034.8768
NCU42,OUT013,3088.3293
FDD26,OUT013,4103.206
FDR11,OUT018,2779.0784
NCP53,OUT045,3863.223
FDP34,OUT045,2798.7737
NCV41,OUT019,289.20425
FDN20,OUT018,2273.844
FDZ16,OUT018,3759.5452
FDZ28,OUT049,2068.3542
NCL55,OUT013,4035.7837
NCJ17,OUT046,1472.8251
FDT37,OUT046,4256.0654
FDV51,OUT049,2865.0151
FDZ28,OUT035,2376.3574
FDN27,OUT013,1763.4725
FDS14,OUT019,581.2319
FDZ58,OUT045,2103.4592
FDD46,OUT046,1948.0399
FDJ03,OUT035,753.4595
FDU03,OUT010,742.2046
FDA33,OUT027,3726.7046
NCW53,OUT035,2866.0217
NCC55,OUT017,478.61658
FDP52,OUT019,499.58948
FDE39,OUT049,2048.8342
FDB44,OUT035,3386.7207
FDG59,OUT013,762.7991
FDI05,OUT013,1089.7979
FDF59,OUT045,1725.866
FDM39,OUT019,439.704
FDB14,OUT013,1716.0615
NCS05,OUT019,408.19794
DRJ35,OUT045,990.27325
FDO31,OUT019,258.8389
FDA31,OUT046,2930.7488
FDX40,OUT049,533.93085
FDW56,OUT045,3939.4597
FDH09,OUT018,776.7714
FDA52,OUT019,344.5821
FDF20,OUT019,472.6821
FDE40,OUT046,791.0673
NCU17,OUT046,1616.3883
NCP14,OUT035,1802.416
FDN25,OUT027,1887.7736
FDU39,OUT049,1005.17505
NCM05,OUT017,4307.084
FDU07,OUT017,2397.608
FDF28,OUT049,2075.4255
FDR57,OUT049,2033.0504
FDJ33,OUT013,2083.6472
DRH23,OUT035,1216.7021
FDQ52,OUT046,4678.2915
DRK13,OUT035,3314.987
FDP09,OUT046,4414.675
FDR08,OUT027,2646.5662
FDV50,OUT045,1569.4781
FDT13,OUT049,3891.8179
FDJ27,OUT027,3253.9668
FDH21,OUT046,2925.0388
FDW14,OUT027,2003.1783
FDL52,OUT049,668.239
FDW28,OUT017,4126.629
FDL40,OUT049,1871.9312
FDE24,OUT046,2102.7385
FDX35,OUT049,4596.371
FDP46,OUT017,1518.2496
FDX56,OUT045,4025.4065
FDQ45,OUT049,3070.2053
FDK50,OUT027,3920.6611
FDY26,OUT045,4390.2153
FDQ09,OUT017,1884.6008
FDN39,OUT049,3199.052
FDP13,OUT017,658.04645
FDR51,OUT013,3118.275
FDZ49,OUT010,311.91922
FDL28,OUT018,2349.9272
FDZ10,OUT035,2316.493
FDK38,OUT013,2379.7007
DRL49,OUT027,3236.7588
FDR15,OUT013,2258.4888
FDQ24,OUT035,3448.7026
FDD56,OUT013,3614.9355
NCR42,OUT046,524.6318
FDH52,OUT045,924.4365
FDH57,OUT019,426.49252
FDR15,OUT010,154.92679
FDJ34,OUT035,1857.326
FDW37,OUT035,1430.4773
FDQ23,OUT018,1636.874
FDP34,OUT013,2786.6
FDE04,OUT027,4711.9365
FDC48,OUT045,1336.8599
FDA47,OUT019,734.4402
FDI35,OUT018,3084.3232
NCV05,OUT013,2124.1443
FDR28,OUT045,2762.0688
FDH31,OUT017,1563.5458
FDP59,OUT019,348.12015
FDS19,OUT018,935.5605
FDM60,OUT045,834.9042
FDJ44,OUT018,2757.0217
DRH51,OUT017,1328.9998
DRC25,OUT017,1403.7206
DRE25,OUT013,1925.88
NCX05,OUT049,2214.908
FDR11,OUT017,2495.9421
DRP47,OUT045,4395.3037
DRC49,OUT019,429.12646
FDQ47,OUT027,1067.2484
FDL20,OUT013,1783.5032
FDM34,OUT035,2248.0894
NCN55,OUT013,4558.619
FDD41,OUT035,1674.2972
FDE52,OUT049,1231.545
NCT18,OUT019,507.90314
FDJ32,OUT018,591.6077
FDE16,OUT046,4644.1455
FDZ09,OUT045,3116.1287
DRZ11,OUT046,1770.8105
FDK41,OUT049,1241.2688
FDE56,OUT049,705.68976
FDH34,OUT013,3386.031
DRI49,OUT013,1326.5884
DRI59,OUT046,3577.945
DRC36,OUT049,2815.7622
FDS15,OUT019,371.16415
FDI07,OUT018,2924.5337
FDZ15,OUT018,1437.6775
NCX41,OUT027,5094.6943
NCO29,OUT019,540.9836
FDF57,OUT013,2512.56
FDI33,OUT035,1794.2401
DRJ47,OUT049,2804.9805
FDB34,OUT046,1359.7207
FDY22,OUT027,2909.7559
DRL11,OUT017,2471.4333
FDY46,OUT035,2925.1194
FDG17,OUT013,4358.3013
FDE52,OUT018,1581.1321
DRP47,OUT027,6278.5356
FDO01,OUT010,380.69077
FDL09,OUT046,2524.7102
FDR57,OUT013,2127.027
DRD37,OUT035,662.9696
FDQ36,OUT027,983.9617
FDL33,OUT049,2895.121
FDL48,OUT045,733.73206
FDL28,OUT049,3601.4033
NCN29,OUT046,587.083
FDO13,OUT035,2739.827
FDB38,OUT045,3005.1453
FDI36,OUT035,3259.4507
FDI58,OUT035,1731.5931
FDH22,OUT018,1847.4639
FDQ27,OUT013,2153.9512
FDT33,OUT046,3007.6401
FDC56,OUT045,1820.2183
FDF14,OUT046,2801.0234
FDQ39,OUT017,3674.8364
NCM43,OUT017,2340.909
FDS46,OUT035,2171.442
FDI22,OUT049,3778.4385
NCE43,OUT045,2980.517
FDZ36,OUT010,633.48474
FDR13,OUT019,434.27078
FDP46,OUT018,1218.0654
FDW56,OUT019,571.8106
FDB40,OUT017,3048.0537
FDM28,OUT018,2256.919
FDV49,OUT013,5549.1143
NCS53,OUT018,2432.2124
FDO03,OUT049,4539.9146
FDT15,OUT035,3694.7202
FDD33,OUT049,3707.8657
FDX13,OUT017,6743.646
FDH60,OUT013,2492.407
DRH51,OUT046,1133.6923
NCL07,OUT049,806.35
FDW51,OUT045,2714.2002
FDF21,OUT019,613.5512
FDH26,OUT019,489.19263
FDJ03,OUT049,711.4603
FDU35,OUT017,1797.6804
DRL01,OUT018,3048.9763
FDE59,OUT045,633.56964
FDI60,OUT035,942.19855
DRH39,OUT035,1376.6433
FDK36,OUT049,703.6586
FDN52,OUT045,1358.917
FDU12,OUT017,3934.2754
NCT05,OUT027,6285.4785
FDS37,OUT027,2726.428
FDK24,OUT017,951.6219
DRF36,OUT013,3815.288
FDN46,OUT010,150.54576
NCN06,OUT045,2717.5198
FDD59,OUT035,1849.0308
FDM14,OUT045,1696.0388
FDO10,OUT018,704.27094
FDU35,OUT013,1859.2789
NCA30,OUT018,3039.4392
NCO41,OUT049,1580.3057
FDI24,OUT046,2928.3447
FDZ16,OUT046,3437.4978
FDV47,OUT046,1510.1854
FDV16,OUT045,593.57587
FDZ22,OUT035,1390.752
FDO20,OUT010,724.0285
FDW38,OUT013,690.37085
FDW52,OUT045,2679.8525
FDT43,OUT019,220.22958
NCS29,OUT045,3479.4172
NCC31,OUT017,2224.5571
FDA21,OUT017,3094.8252
FDQ55,OUT046,2364.3572
NCE54,OUT049,1430.3358
FDD45,OUT017,1229.1556
NCP17,OUT017,988.7279
FDR47,OUT035,3272.637
DRM35,OUT013,3029.6763
FDR47,OUT019,699.2688
FDX19,OUT010,404.82208
FDV22,OUT027,4695.1626
FDQ46,OUT027,3382.774
DRO47,OUT045,1881.7238
FDB44,OUT010,935.46173
FDN02,OUT010,608.0761
FDW10,OUT045,3494.598
FDJ41,OUT019,955.20013
FDM50,OUT046,1128.1359
FDW10,OUT035,3060.2458
FDY48,OUT049,1974.4156
NCE30,OUT027,5176.7495
FDO04,OUT045,943.1052
FDQ26,OUT010,155.20776
NCX29,OUT018,2488.951
FDE39,OUT046,1755.3882
NCR54,OUT027,5562.941
NCP55,OUT027,1606.0875
FDX22,OUT017,5469.616
FDI05,OUT035,1095.4414
FDC51,OUT027,3789.5295
FDC10,OUT013,1881.0007
FDJ46,OUT045,3388.375
FDV10,OUT010,149.11653
FDX12,OUT027,6358.8022
FDL43,OUT019,276.5724
DRB13,OUT046,2746.7505
FDF59,OUT027,3085.7212
FDT35,OUT049,2911.436
NCJ19,OUT035,777.691
FDT35,OUT018,3614.7173
FDI48,OUT046,740.10095
DRC24,OUT019,517.79565
NCZ05,OUT017,1609.336
FDJ57,OUT049,3930.3975
FDX11,OUT017,3817.9915
FDE09,OUT035,1967.7887
NCK06,OUT049,1795.1558
DRE37,OUT017,3046.0227
FDV56,OUT046,1765.3269
FDY43,OUT017,2814.0063
FDV35,OUT013,2443.6213
FDF05,OUT019,889.5082
FDA36,OUT035,3229.5876
FDS13,OUT027,5696.872
FDU47,OUT013,2918.6538
FDI36,OUT010,547.54535
FDH48,OUT046,1738.1483
FDZ14,OUT013,2067.9084
FDS46,OUT013,2413.3167
FDE21,OUT017,2081.0747
FDA26,OUT049,4491.4316
FDV12,OUT046,1899.0135
FDL46,OUT019,506.66592
FDN57,OUT013,2097.4688
NCJ18,OUT017,2209.4597
FDO36,OUT045,2977.206
FDX55,OUT018,2987.5327
FDT25,OUT019,338.69257
FDD16,OUT049,1034.8457
NCX18,OUT013,3247.384
NCG55,OUT018,1782.1348
NCV18,OUT049,2078.6052
NCS18,OUT035,2105.2585
FDC37,OUT045,1730.5885
FDE47,OUT046,1845.3228
DRG49,OUT019,695.4535
FDC39,OUT049,3981.2761
FDH24,OUT019,652.66986
FDV39,OUT027,4505.9116
NCL17,OUT045,1985.3859
NCY53,OUT035,2090.3547
FDH52,OUT013,859.7561
NCD19,OUT018,802.1088
FDI44,OUT046,915.36304
DRD49,OUT027,6869.765
FDN08,OUT035,1871.6775
FDO20,OUT027,6521.2734
FDY02,OUT046,3248.0374
FDX23,OUT045,1084.299
FDX01,OUT017,2005.5299
FDH20,OUT027,2875.5938
NCX41,OUT017,4315.019
FDD21,OUT027,3070.574
DRH11,OUT019,256.97958
DRE60,OUT018,3373.9492
FDB10,OUT013,3380.2515
FDH38,OUT013,2121.3225
NCL07,OUT018,377.1159
FDD48,OUT046,2665.1082
NCT54,OUT027,3136.202
FDF32,OUT027,5024.9414
DRH51,OUT045,1237.8914
DRG03,OUT035,2555.69
NCY42,OUT019,412.72577
FDH32,OUT017,1424.258
NCJ06,OUT027,3129.941
FDH47,OUT027,2905.9673
FDZ08,OUT018,1138.1895
FDK16,OUT017,1724.5833
DRG01,OUT018,1114.3225
NCM53,OUT027,2761.3333
NCB07,OUT035,2958.028
NCZ06,OUT035,3097.3665
FDU48,OUT049,1578.67
NCB55,OUT027,1439.9153
FDP15,OUT013,4260.9473
FDF17,OUT046,3437.128
NCN06,OUT049,3333.7434
DRM48,OUT018,349.34094
FDH10,OUT046,2007.6366
FDC60,OUT018,1449.2922
FDE35,OUT018,505.56488
DRI23,OUT013,2529.1912
NCR38,OUT013,4352.629
FDP04,OUT035,860.3326
NCW17,OUT045,2337.3464
FDX34,OUT017,2161.0974
NCK53,OUT045,1491.2535
NCO54,OUT010,71.18198
NCH55,OUT046,2200.915
FDT44,OUT027,3103.723
DRG49,OUT046,4398.2573
FDX46,OUT010,84.81806
DRG36,OUT049,3130.7844
FDU37,OUT049,1374.7465
FDK10,OUT049,2120.2559
DRF37,OUT027,8088.013
FDC44,OUT035,2138.888
FDP15,OUT046,3727.451
FDZ27,OUT027,1386.4663
FDY22,OUT019,461.20575
DRG51,OUT035,2926.8933
FDN58,OUT045,4163.8013
FDW01,OUT049,2251.9097
FDX24,OUT018,1291.881
FDO51,OUT017,849.45807
FDJ52,OUT027,3938.8516
NCY06,OUT010,304.6165
FDE20,OUT018,3323.846
FDT23,OUT010,248.05128
FDQ51,OUT046,562.46173
FDE35,OUT046,852.18805
FDB46,OUT013,2972.7097
NCG19,OUT035,3429.976
NCL06,OUT018,3546.956
FDT36,OUT019,-7.054508
FDC56,OUT049,2430.3335
FDJ26,OUT049,2948.1357
FDZ59,OUT017,2855.3345
FDV11,OUT027,5390.31
FDR13,OUT010,339.05484
FDI15,OUT018,3994.4062
FDF47,OUT018,2999.1155
NCB54,OUT019,417.13123
NCK19,OUT027,5515.1646
FDX16,OUT017,3241.3645
FDL50,OUT045,1797.5881
NCE31,OUT035,823.6101
DRJ01,OUT049,1807.1832
FDE22,OUT013,2625.423
FDY20,OUT019,309.73447
NCO14,OUT045,715.8033
NCR50,OUT017,3290.672
DRM47,OUT017,2667.9282
FDO27,OUT010,132.72389
FDJ20,OUT027,3222.0361
NCX17,OUT013,4251.798
FDG59,OUT049,656.4907
FDD52,OUT045,1198.147
FDO48,OUT017,3746.6685
FDC59,OUT019,277.38785
FDS15,OUT018,1195.597
FDB47,OUT035,3619.0032
FDV14,OUT019,270.3111
FDB27,OUT013,2958.3804
FDA35,OUT035,2100.2593
FDN51,OUT018,3315.4155
FDO39,OUT019,657.33997
FDB28,OUT049,2957.6252
DRJ25,OUT046,932.2002
FDH46,OUT027,2913.192
FDI10,OUT045,2962.9485
FDU21,OUT018,46.303776
FDD09,OUT049,3072.0894
FDD10,OUT046,1553.7443
FDN31,OUT010,295.82864
FDA46,OUT018,3591.8967
FDM56,OUT046,1611.937
FDF11,OUT010,708.70825
FDS32,OUT018,1549.1885
NCM06,OUT013,2182.0183
FDZ26,OUT045,3964.772
FDO01,OUT013,2627.4258
FDJ46,OUT049,3116.7253
FDG26,OUT019,904.41223
FDZ38,OUT035,3927.973
NCO55,OUT013,2048.946
FDT60,OUT035,1991.5267
FDW37,OUT049,1353.1927
NCK42,OUT018,2802.9377
FDA45,OUT046,1814.034
FDW55,OUT018,5099.6724
FDY44,OUT017,3350.1978
FDQ31,OUT017,1378.3147
FDM09,OUT049,3462.0308
FDH12,OUT018,1357.4888
NCQ43,OUT035,1920.2804
FDT33,OUT035,3530.4656
NCT41,OUT018,1956.3746
DRJ25,OUT010,84.364456
NCQ41,OUT046,3188.307
NCN17,OUT049,1576.033
DRO35,OUT027,2837.5728
FDU27,OUT018,719.8622
FDY43,OUT027,4631.824
FDG46,OUT035,2108.806
DRL49,OUT018,1487.9152
NCB55,OUT049,740.0874
FDK28,OUT049,3373.1528
FDO49,OUT045,1048.0804
FDT03,OUT013,2894.7231
FDW33,OUT027,2824.6455
FDR02,OUT035,2077.8596
FDF50,OUT013,2737.6611
FDA40,OUT018,1162.0673
NCT53,OUT018,2801.6147
FDY60,OUT035,2370.6628
FDP44,OUT027,2856.2478
NCQ50,OUT045,3899.1975
NCC30,OUT017,2833.8398
FDQ60,OUT018,1877.3638
FDG41,OUT046,1479.431
FDQ03,OUT046,2605.2998
FDM03,OUT045,1795.9117
FDZ51,OUT018,1269.5094
DRF51,OUT035,642.01495
FDF39,OUT017,5422.0337
FDW52,OUT035,3031.171
FDY22,OUT049,2930.7559
FDG14,OUT013,2571.2014
FDA57,OUT017,734.4451
FDL45,OUT019,459.44412
FDX28,OUT046,1441.8003
NCQ54,OUT013,3638.5176
FDH40,OUT045,1256.2809
FDU52,OUT035,2544.6345
FDT60,OUT010,274.8113
FDK08,OUT045,1339.7297
FDN04,OUT049,2539.3823
FDE50,OUT013,3556.139
FDI16,OUT049,691.032
FDM50,OUT049,942.62103
NCV30,OUT049,925.37866
FDT44,OUT013,2165.3164
FDY60,OUT013,2431.1665
FDT56,OUT017,972.8932
FDV58,OUT018,2808.794
FDU04,OUT013,1791.9417
NCN05,OUT027,5359.464
FDI53,OUT018,2077.2625
FDD34,OUT046,2213.5247
FDW47,OUT027,3364.959
FDT51,OUT027,3594.426
FDO27,OUT013,1514.4247
NCQ18,OUT018,1436.477
NCW05,OUT013,1998.6875
FDI15,OUT010,947.94714
NCH43,OUT010,511.6753
FDT40,OUT049,1813.6229
NCG19,OUT017,2944.5662
NCM30,OUT035,674.5134
FDB38,OUT017,2652.6667
FDB22,OUT046,2508.1165
FDC58,OUT046,599.565
NCI29,OUT013,1704.9308
FDA23,OUT010,347.65887
DRG48,OUT013,2378.663
FDV21,OUT013,2452.0798
NCG18,OUT019,389.59634
FDG40,OUT045,521.61414
FDU24,OUT018,1443.2848
FDA22,OUT049,3757.0164
FDY35,OUT046,1208.6475
FDJ15,OUT045,4363.753
NCW18,OUT018,2507.2314
FDK56,OUT018,3523.814
FDF44,OUT046,2854.6875
FDP51,OUT049,2953.6643
FDU22,OUT027,3276.9155
FDM28,OUT017,2960.9053
NCL42,OUT046,4010.963
FDJ15,OUT019,739.7868
FDI32,OUT018,1836.6669
DRL11,OUT046,2453.0107
DRO59,OUT018,933.67633
FDA07,OUT019,341.64764
NCO53,OUT013,2919.6887
FDO21,OUT045,3319.0913
FDW39,OUT045,3419.422
NCV17,OUT013,2808.0813
FDE22,OUT046,2208.9294
NCB06,OUT018,2507.4148
DRF48,OUT017,2483.6384
FDB05,OUT013,3948.53
FDP28,OUT027,6504.4253
FDP23,OUT046,3831.5996
NCS41,OUT018,3471.36
FDS40,OUT018,347.60095
FDA16,OUT017,3808.4888
FDN20,OUT035,3491.4033
FDF04,OUT027,6528.9404
DRG36,OUT018,2129.2812
FDW16,OUT018,1360.1987
FDU09,OUT017,941.60583
FDW01,OUT046,2567.4863
FDB15,OUT045,4956.9634
NCJ17,OUT049,1420.148
NCT18,OUT018,2805.8406
FDG16,OUT018,2759.5383
FDP27,OUT017,3967.3667
FDQ44,OUT027,3664.7341
FDL50,OUT027,3601.9946
FDW57,OUT027,4349.505
FDS34,OUT013,2109.4373
NCV30,OUT035,1050.7341
FDD26,OUT018,2336.434
FDA03,OUT045,2211.592
FDS27,OUT018,2788.5815
FDM12,OUT013,2370.0505
NCV42,OUT027,3208.8406
NCS41,OUT046,3117.0017
FDN56,OUT018,1959.6614
DRK59,OUT046,3020.0178
NCG18,OUT046,1576.8978
NCN26,OUT017,2247.881
FDI60,OUT027,1733.5271
NCI43,OUT049,844.38794
NCL17,OUT049,2362.4155
FDQ19,OUT019,423.38495
FDY43,OUT049,3327.9202
FDR36,OUT049,815.9813
FDJ58,OUT049,3037.0315
DRY23,OUT045,677.6017
FDK26,OUT027,4948.7666
DRH03,OUT045,1153.3486
FDC10,OUT010,420.706
FDD23,OUT013,2999.9236
FDP32,OUT045,1724.4916
FDO31,OUT035,1243.1785
FDQ57,OUT013,2493.494
FDX32,OUT027,4230.438
FDC39,OUT027,5830.7417
FDU55,OUT046,5214.4087
FDL45,OUT013,2911.5803
DRK37,OUT049,3657.4634
FDK22,OUT013,2468.1797
DRG37,OUT027,5238.563
FDK22,OUT017,3667.7263
DRH36,OUT018,787.71765
DRC36,OUT018,2880.568
DRE03,OUT027,1177.0588
FDF34,OUT046,2526.71
FDZ22,OUT046,1131.0143
FDC44,OUT010,316.9007
FDN31,OUT027,5286.2983
FDO03,OUT017,4789.102
FDA01,OUT049,792.2097
NCH42,OUT049,5381.231
FDF46,OUT018,1652.3712
DRL35,OUT046,707.6371
FDW46,OUT049,1028.3485
FDB58,OUT046,2133.22
FDD47,OUT018,2600.987
NCO17,OUT045,1718.0061
FDJ26,OUT017,4752.608
FDU37,OUT045,1639.7495
